relative_path,filename,category,artist,skin_H_mean,skin_S_mean,skin_V_mean,skin_V_std,S_skin,lips_H_mean,lips_S_mean,lips_V_mean,lips_V_std,contrast_lips_skin_S,contrast_lips_skin_V,eyes_H_mean,eyes_S_mean,eyes_V_mean,eyes_V_std,contrast_eye_skin_S,contrast_eye_skin_V,eyes_edge_density,S_eyes,deltaH_ojos_piel,deltaV_ojos_piel,cheeks_H_mean,cheeks_S_mean,cheeks_V_mean,cheeks_V_std,contrast_cheeks_skin_V,contrast_cheeks_skin_S,S_cheeks,global_color_intensity_index,global_skin_shift,non_skin_color_ratio,extreme_saturation_ratio,masklike_pattern_score,non_skin_large_zones,fx_ratio,eyes_dark_ratio,lips_dark_ratio,eyes_color_concentration
images/glam_dia/16f6417fc654b326b471e4bfe51815a5.jpg,16f6417fc654b326b471e4bfe51815a5.jpg,glam_dia,desconocido,0.0881657964964988,0.3190572838296532,0.5519462038235876,0.1856010149603172,0.3190572838296532,0.0628436197570275,0.3643505550368295,0.5975593941280216,0.1216015606032297,0.0452932712071763,0.045613190304434,0.0644880857370881,0.3419801253834866,0.6203948245965053,0.1448958643725285,0.0229228415538334,0.0684486207729176,0.0513038548752834,0.3419801253834866,-0.0236777107594106,0.0684486207729176,0.0596881769467563,0.3422949179671868,0.6267016806722688,0.1343812521388671,0.0747554768486812,0.0232376341375336,0.3422949179671868,0.0304845822995144,0.1044126179681185,0.0048082702247866,0.0,0.0012621709340064,0.0012621709340064,0.0,0.0654761904761904,0.0767195767195767,1.5913144545395823
images/glam_dia/210c6b1e1b1e90f98afd4dad436a2021 (1).jpg,210c6b1e1b1e90f98afd4dad436a2021 (1).jpg,glam_dia,desconocido,0.1132618456656794,0.3866517533204244,0.7366499492866049,0.2139825665974999,0.3866517533204244,0.0479213523906261,0.4696875879538418,0.7957085226435074,0.1769795950205616,0.0830358346334173,0.0590585733569025,0.05157796726453,0.3966552000917326,0.7672216488934757,0.2175374635005629,0.0100034467713081,0.0305716996068707,0.1263157894736842,0.3966552000917326,-0.0616838784011493,0.0305716996068707,0.0540210203458037,0.4439921892389566,0.8325421396628827,0.1445462008592428,0.0958921903762778,0.0573404359185322,0.4439921892389566,0.0501265724410859,0.1035526533857704,0.0425967261904761,6.200396825396825e-05,0.0339161706349206,0.0339161706349206,0.0,0.0614035087719298,0.0225563909774436,0.9060692830289944
images/glam_dia/286e7a27e850390b42c51f7b2a9eaeaf.jpg,286e7a27e850390b42c51f7b2a9eaeaf.jpg,glam_dia,desconocido,0.0687925808901653,0.4122341945448167,0.5357447978268968,0.1592311343941003,0.4122341945448167,0.2177642871150865,0.5275125023603726,0.593725977498797,0.0929408302678421,0.1152783078155559,0.0579811796719001,0.058001971738416,0.4117272982324886,0.5840872013882393,0.1380786552782817,-0.000506896312328,0.0483424035613425,0.1086380498145204,0.4117272982324886,-0.0107906091517493,0.0483424035613425,0.1576298895697855,0.4789503499442648,0.6133389982274363,0.0934692676429542,0.0775942004005395,0.0667161553994481,0.4789503499442648,0.0604958556342253,0.1301107376628293,0.057471264367816,0.000112139052425,0.0535463975329408,0.0535463975329408,0.0,0.0678325384207737,0.024852438645542,0.3227288837225107
images/glam_dia/4473584c6cd0632b0773141e2cf725e4.jpg,4473584c6cd0632b0773141e2cf725e4.jpg,glam_dia,desconocido,0.0772396188482754,0.3708223303881126,0.7257138235056215,0.2242479848245183,0.3708223303881126,0.1648303986045305,0.4182675601886324,0.8635194837428644,0.0971785030740442,0.0474452298005198,0.1378056602372428,0.0558012802933548,0.4016225283942469,0.8468553199680995,0.1279700067345922,0.0308001980061343,0.1211414964624779,0.067671809256662,0.4016225283942469,-0.0214383385549205,0.1211414964624779,0.0606925606177553,0.3880944708985237,0.8711873306839474,0.1261846949030361,0.1454735071783258,0.0172721405104111,0.3880944708985237,0.0318391894390217,0.0788578759142067,0.0216131907308377,0.0,0.0206476530005941,0.0206476530005941,0.0,0.0080645161290322,0.0059071729957805,0.1946671834692132
images/glam_dia/a868a6648ea8ce843c00a6b857da9b31.jpg,a868a6648ea8ce843c00a6b857da9b31.jpg,glam_dia,desconocido,0.0446195410631618,0.4705362389738572,0.7924211517338774,0.1590549061556767,0.4705362389738572,0.0420538819539113,0.5039309503705789,0.8603089720736781,0.072537375374378,0.0333947113967216,0.0678878203398006,0.0474315363635441,0.4651596028611082,0.7994599836304758,0.1601189276235966,-0.0053766361127489,0.0070388318965983,0.0896098003629764,0.4651596028611082,0.0028119953003823,0.0070388318965983,0.0429385742161396,0.4892274134534196,0.8556259186290146,0.086737115934764,0.0632047668951372,0.0186911744795624,0.4892274134534196,0.0155697499211783,0.1883001249681249,0.0047332185886402,0.0,0.0012908777969018,0.0012908777969018,0.0,0.0260889292196007,0.0,3.5939445417851137
images/glam_dia/a9bdd136a21d1f4b7a521a0dde0e2108.jpg,a9bdd136a21d1f4b7a521a0dde0e2108.jpg,glam_dia,desconocido,0.0810046283430915,0.4614246796488749,0.6041892846332357,0.2890642264539339,0.4614246796488749,0.1688627753162525,0.4785688528284877,0.8213905792201939,0.1184811322112358,0.0171441731796127,0.2172012945869581,0.0632881085395051,0.4376683087027915,0.7718458417849899,0.1608299810764407,-0.0237563709460834,0.1676565571517542,0.105911330049261,0.4376683087027915,-0.0177165198035863,0.1676565571517542,0.0838350028896166,0.4717173766058148,0.7886257606490872,0.1809121030662167,0.1844364760158514,0.0102926969569398,0.4717173766058148,0.0012268330634897,0.1209759592738932,0.0159375,0.0001041666666666,0.0130208333333333,0.0130208333333333,0.0,0.0359605911330049,0.0091954022988505,0.1236279041160519
images/glam_dia/bb3ea2b8ed00d947ba54fd46772c0609.jpg,bb3ea2b8ed00d947ba54fd46772c0609.jpg,glam_dia,desconocido,0.065692500864375,0.3622822144458674,0.6045777405767724,0.2042591281433989,0.3622822144458674,0.0532106851602131,0.4249199909848997,0.6314536849222447,0.1325844769883391,0.0626377765390322,0.0268759443454723,0.073965930043757,0.3722920892494929,0.6296764222930552,0.1901031448455646,0.0100098748036254,0.0250986817162828,0.1660098522167487,0.3722920892494929,0.008273429179382,0.0250986817162828,0.0599017530340974,0.3654411764705882,0.671391142663962,0.1651582246742095,0.0668134020871896,0.0031589620247207,0.3654411764705882,0.0252688711224594,0.0472502803336517,0.0245756534416328,0.0,0.0041653649901072,0.0041653649901072,0.0,0.0591133004926108,0.067816091954023,2.244911575293707
images/glam_dia/03959991424cd2835ffa24edb6c8fc52.jpg,03959991424cd2835ffa24edb6c8fc52.jpg,glam_dia,desconocido,0.1233456802582762,0.4115732216692794,0.6223208868594836,0.1868902158657805,0.4115732216692794,0.0784556266412515,0.4431823304034257,0.6414813233218272,0.0941432091436207,0.0316091087341463,0.0191604364623435,0.058103958208211,0.438159726365191,0.6220896472179135,0.1257699135250034,0.0265865046959116,-0.0002312396415701,0.1024340770791075,0.438159726365191,-0.0652417220500651,-0.0002312396415701,0.0729467668400436,0.438192819125882,0.6694994885664256,0.1033370885622691,0.0471786017069419,0.0266195974566025,0.438192819125882,0.0282717369622202,0.0860415976908725,0.0059678819444444,0.0,0.0015190972222222,0.0015190972222222,0.0,0.0223123732251521,0.014519056261343,1.9540151928976304
images/glam_dia/0cd67880a7e65b1defc8309d27daad21.jpg,0cd67880a7e65b1defc8309d27daad21.jpg,glam_dia,desconocido,0.0789010362371138,0.3538987397191732,0.7314988898270632,0.1865232035269192,0.3538987397191732,0.0631712305766706,0.4223100825029465,0.8281045751633987,0.0800639140771795,0.0684113427837733,0.0966056853363355,0.0654748603351955,0.3538711484593838,0.7545527544351074,0.1933501762178936,-2.7591259789405687e-05,0.0230538646080441,0.1395238095238095,0.3538711484593838,-0.0134261759019183,0.0230538646080441,0.0609101489757914,0.4114754901960784,0.801532679738562,0.1254451358625794,0.0700337899114987,0.0575767504769052,0.4114754901960784,0.0419868340002964,0.0820761698700424,0.0088235294117647,0.0,0.0047058823529411,0.0047058823529411,0.0,0.0423809523809523,0.0,4.316971060740101
images/glam_dia/123d1274e1b6ba4bc9c461a82406329a.jpg,123d1274e1b6ba4bc9c461a82406329a.jpg,glam_dia,desconocido,0.1202360832351896,0.3875205323453318,0.6873660696324206,0.124067761701781,0.3875205323453318,0.0463029708389232,0.4735856349708341,0.6812284770539041,0.098556993141644,0.0860651026255023,-0.0061375925785165,0.0814840678667494,0.3671437505043169,0.6445473251028807,0.2082020088566008,-0.0203767818410148,-0.0428187445295399,0.1129115226337448,0.3671437505043169,-0.0387520153684401,-0.0428187445295399,0.0500590697022486,0.4358730409726615,0.7267631246046805,0.0976607118114453,0.0393970549722598,0.0483525086273297,0.4358730409726615,0.038013609803939,0.0729909416713121,0.0153429113580916,0.0,0.0033613445378151,0.0033613445378151,0.0,0.0941358024691358,0.0140382317801672,2.1288319706221603
images/glam_dia/24ab0c3686433015c3da9f99225dc54f.jpg,24ab0c3686433015c3da9f99225dc54f.jpg,glam_dia,desconocido,0.066696409183331,0.4159212914847918,0.6412615533846049,0.2241777071107301,0.4159212914847918,0.0947837851650021,0.4755199335391354,0.6808424669819781,0.1584876675122034,0.0595986420543436,0.0395809135973732,0.0549012498209425,0.4274415535444947,0.8011956385118151,0.1888454624508604,0.0115202620597029,0.1599340851272102,0.0765224358974359,0.4274415535444947,-0.0117951593623884,0.1599340851272102,0.0689788950962135,0.4489855664488018,0.7147576252723311,0.2210770244076392,0.0734960718877262,0.0330642749640099,0.4489855664488018,0.0347277263593521,0.066579958189811,0.0193166208791208,8.585164835164836e-05,0.0056662087912087,0.0056662087912087,0.0,0.0384615384615384,0.0616273471352912,0.7673676816351598
images/glam_dia/2d2d45c72447d6a7c031a43016456c26.jpg,2d2d45c72447d6a7c031a43016456c26.jpg,glam_dia,desconocido,0.0632773993238895,0.4384026956303545,0.6769923647704055,0.2128769999762689,0.4384026956303545,0.0660148975791434,0.4417904535551594,0.8008338284808874,0.0908563621224077,0.0033877579248049,0.1238414637104818,0.0789527547678674,0.4030992224475997,0.6999374577417173,0.2086403760528322,-0.0353034731827547,0.0229450929713118,0.127801724137931,0.4030992224475997,0.0156753554439778,0.0229450929713118,0.0641529066382588,0.4268966566671014,0.7999014535599901,0.1110844242720029,0.1229090887895846,-0.011506038963253,0.4268966566671014,-0.0144739180737342,0.0926758744790798,0.0091133557800224,0.0,0.0021099887766554,0.0021099887766554,0.0,0.0594827586206896,0.003030303030303,3.8306375070386265
images/glam_dia/3cf070998755a35e8596c0062a1635c6.jpg,3cf070998755a35e8596c0062a1635c6.jpg,glam_dia,desconocido,0.0714072503364188,0.3491152139687992,0.681774151996565,0.1181517136295255,0.3491152139687992,0.057994941493649,0.4562403667934835,0.6723285533118719,0.0754910840328852,0.1071251528246843,-0.009445598684693,0.068034665520699,0.3792760180995475,0.618647561588738,0.1599223706592664,0.0301608041307483,-0.0631265904078269,0.1628205128205128,0.3792760180995475,-0.0033725848157198,-0.0631265904078269,0.0511193875439685,0.3906056644880173,0.7090297748729121,0.0983303674396554,0.027255622876347,0.0414904505192181,0.3906056644880173,0.0595921358248836,0.0318176041670515,0.0182142857142857,0.0,0.00375,0.00375,0.0,0.038034188034188,0.0044776119402985,2.7684084245684786
images/glam_dia/3dd48abb6a8cb3630e04e38cb284a95a.jpg,3dd48abb6a8cb3630e04e38cb284a95a.jpg,glam_dia,desconocido,0.1002100993933925,0.4470437053790777,0.59800997400076,0.2523836869598074,0.4470437053790777,0.0440214123512139,0.4388086408370384,0.7386836587647947,0.0962204148596668,-0.0082350645420392,0.1406736847640347,0.0488547486033519,0.4285109573241061,0.6627012687427912,0.1749562550566708,-0.0185327480549715,0.0646912947420312,0.1091176470588235,0.4285109573241061,-0.0513553507900406,0.0646912947420312,0.0477152048705398,0.4324723284566665,0.7339009287925696,0.1148075932123569,0.1358909547918096,-0.0145713769224112,0.4324723284566665,-0.0137797298398073,0.1141625755773824,0.0065724206349206,6.200396825396825e-05,0.0016741071428571,0.0016741071428571,0.0,0.0470588235294117,0.0010449320794148,3.4452471675430587
images/glam_dia/4a69b2b6629f2ae0b9c664510d230c06.jpg,4a69b2b6629f2ae0b9c664510d230c06.jpg,glam_dia,desconocido,0.1046496880707724,0.3096543941317534,0.6747706148806446,0.2161072155545392,0.3096543941317534,0.161378617244539,0.3918726008922087,0.7401172320780165,0.1540694497700618,0.0822182067604552,0.0653466171973718,0.0657862400081075,0.35203147925837,0.7712880707838691,0.1622642766089379,0.0423770851266165,0.0965174559032244,0.0764172335600907,0.35203147925837,-0.0388634480626649,0.0965174559032244,0.0798996230185765,0.3367758648174717,0.7565407301131835,0.1717378803609741,0.0817701152325388,0.0271214706857182,0.3367758648174717,0.05057225419093,0.0586681528415794,0.0310628019323671,0.0015458937198067,0.0288888888888888,0.0288888888888888,0.0,0.0267573696145124,0.0113756613756613,0.2262916327291371
images/glam_dia/4b91e66b240e80d05d36ed89ce25b698.jpg,4b91e66b240e80d05d36ed89ce25b698.jpg,glam_dia,desconocido,0.0628501118349673,0.3855184277150091,0.6719175224738687,0.2352965316740491,0.3855184277150091,0.0502514245531005,0.413165919048272,0.730153506624095,0.1804673510917891,0.0276474913332628,0.0582359841502262,0.0541790813159528,0.4011873638344226,0.7693148148148149,0.1964093547327129,0.0156689361194135,0.0973972923409461,0.1016666666666666,0.4011873638344226,-0.0086710305190144,0.0973972923409461,0.0508968671267389,0.4070511341791619,0.7743762014609766,0.1607606023398609,0.1024586789871079,0.0215327064641527,0.4070511341791619,0.0216163779722764,0.0423445084929715,0.0142045454545454,0.0,0.0032552083333333,0.0032552083333333,0.0,0.0525,0.0745920745920745,1.134142378598769
images/glam_dia/4c606b618f7ff0eb12d09b8280d8344d.jpg,4c606b618f7ff0eb12d09b8280d8344d.jpg,glam_dia,desconocido,0.1169360760126479,0.3742929442470501,0.7452101701978332,0.1760486385444473,0.3742929442470501,0.0474913238530557,0.4302055481283423,0.8042474376114083,0.1018410900942978,0.0559126038812921,0.059037267413575,0.0505132233920641,0.4184970462543991,0.7051329185520362,0.1877387615572245,0.044204102007349,-0.040077251645797,0.1003605769230769,0.4184970462543991,-0.0664228526205837,-0.040077251645797,0.0603793832654736,0.4009928547690263,0.8322864739115987,0.096541517610177,0.0870763037137655,0.0266999105219761,0.4009928547690263,0.0422722054702057,0.1088949901545324,0.0241071428571428,0.0006377551020408,0.0105867346938775,0.0105867346938775,0.0,0.0526842948717948,0.0004734848484848,3.631140922853266
images/glam_dia/518829bdc96c8735025a2f8ce8c17a8d.jpg,518829bdc96c8735025a2f8ce8c17a8d.jpg,glam_dia,desconocido,0.0858649379518665,0.2814827673096844,0.752885554031227,0.1890357966837229,0.2814827673096844,0.0497629367896282,0.3505303862602337,0.8158960703623015,0.0905676496719316,0.0690476189505492,0.0630105163310744,0.0536694838370816,0.2920405982905982,0.7492699430199431,0.1584820597164918,0.0105578309809137,-0.0036156110112839,0.1009615384615384,0.2920405982905982,-0.0321954541147849,-0.0036156110112839,0.050722089828235,0.3215942227706933,0.8400063988299283,0.0882503268083312,0.0871208447987013,0.0401114554610088,0.3215942227706933,0.0399056351308239,0.1246264203933818,0.0149356617647058,0.0001723345588235,0.003274356617647,0.003274356617647,0.0,0.0261752136752136,0.0,2.7716750437099997
images/glam_dia/5fec395c1a0f215e3b04996bc1f4ceb2.jpg,5fec395c1a0f215e3b04996bc1f4ceb2.jpg,glam_dia,desconocido,0.0656419481888957,0.5232122787048371,0.5946130332381218,0.2556742238160054,0.5232122787048371,0.0592517352293888,0.5094450386215091,0.7458229352347,0.138413331323242,-0.0137672400833279,0.1512099019965782,0.0587088030147763,0.4626290752987586,0.7199829833313995,0.1581179821636855,-0.0605832034060785,0.1253699500932777,0.1217948717948717,0.4626290752987586,-0.0069331451741193,0.1253699500932777,0.0583588897136383,0.5045660222130811,0.744343891402715,0.1529441513837182,0.1497308581645932,-0.0186462564917559,0.5045660222130811,-0.0309988999937208,0.1819043765190707,0.0050240279598077,0.000436871996505,0.0014198339886413,0.0014198339886413,0.0,0.0359960552268244,0.0472727272727272,1.5700502393595863
images/glam_dia/6905a3fb1c3a3fc60a72a78816b5a07f.jpg,6905a3fb1c3a3fc60a72a78816b5a07f.jpg,glam_dia,desconocido,0.0537498448168839,0.4478701525054466,0.6633315904139434,0.2318054172362559,0.4478701525054466,0.0534249333132014,0.4493920390979214,0.8251913678384267,0.0683175568614679,0.0015218865924748,0.1618597774244833,0.0528921802145135,0.3803414906014085,0.7413107361807771,0.1543101252272913,-0.0675286619040381,0.0779791457668337,0.0968992248062015,0.3803414906014085,-0.0008576646023703,0.0779791457668337,0.0509776536312849,0.4267962740651816,0.8200702503223511,0.0777131017178011,0.1567386599084077,-0.021073878440265,0.4267962740651816,-0.0290268845839427,0.1001017761974276,0.0007452574525745,6.775067750677507e-05,0.0002710027100271,0.0002710027100271,0.0,0.0300387596899224,0.0,4.761053392458508
images/glam_dia/6eae9e2a2a4cae498bccb1ca80bcffd2.jpg,6eae9e2a2a4cae498bccb1ca80bcffd2.jpg,glam_dia,desconocido,0.145996312040303,0.4478694549625759,0.5240300620345967,0.2906072382546233,0.4478694549625759,0.0521501029109085,0.5292608359133127,0.668328173374613,0.1295433216357396,0.0813913809507368,0.1442981113400163,0.0576588727100724,0.4589446762686768,0.593649885583524,0.2010726675941034,0.0110752213061008,0.0696198235489273,0.1570366132723112,0.4589446762686768,-0.0883374393302305,0.0696198235489273,0.0588769673736359,0.5445294701793328,0.7127149171485873,0.1419761427568194,0.1886848551139905,0.0966600152167569,0.5445294701793328,0.0630422058245315,0.1766983161476258,0.0300751879699248,0.0,0.0041771094402673,0.0041771094402673,0.0,0.1290045766590389,0.0335526315789473,2.101832287989468
images/glam_dia/71af4035c5d6a9d6a58bf5b887824bf9.jpg,71af4035c5d6a9d6a58bf5b887824bf9.jpg,glam_dia,desconocido,0.1283632947496364,0.3933335599481052,0.4157429282027748,0.1968218964553074,0.3933335599481052,0.094706038840117,0.4363970588235294,0.5097786336756924,0.0850594252355814,0.0430634988754242,0.0940357054729175,0.0591316472649549,0.3945909398242055,0.4445249364113462,0.1629637336542481,0.0012573798761003,0.0287820082085713,0.1091954022988505,0.3945909398242055,-0.0692316474846814,0.0287820082085713,0.045829592311785,0.4340423669467788,0.5346974206349205,0.0873900591227617,0.1189544924321456,0.0407088069986735,0.4340423669467788,0.0283432285833993,0.2452762672555566,0.0056268682961139,0.0,0.000791278354141,0.000791278354141,0.0,0.2183908045977011,0.0972222222222222,2.8447453590560405
images/glam_dia/7437f581092dcdcbf6abfa2e5900e8ae.jpg,7437f581092dcdcbf6abfa2e5900e8ae.jpg,glam_dia,desconocido,0.0591219375476665,0.488910454678736,0.7253097244686587,0.1958626132662542,0.488910454678736,0.0419925512104283,0.5365859284890427,0.7929398949122133,0.1115915838960796,0.0476754738103067,0.0676301704435545,0.0444479914870976,0.527016139789249,0.6960341469921302,0.2087887993319278,0.0381056851105129,-0.0292755774765285,0.1434013605442176,0.527016139789249,-0.0146739460605689,-0.0292755774765285,0.0455800197173841,0.522613417916186,0.8253258362168399,0.1321568289913594,0.1000161117481811,0.0337029632374499,0.522613417916186,0.0398280407194232,0.1583856093883384,0.0305847953216374,0.0003508771929824,0.0055555555555555,0.0055555555555555,0.0,0.0427210884353741,0.0127450980392156,4.039045369488622
images/glam_dia/8d82f873e766927a15dd4cc1b6c01b2c.jpg,8d82f873e766927a15dd4cc1b6c01b2c.jpg,glam_dia,desconocido,0.0578618302296107,0.5172798636240834,0.5999417814865127,0.1964916925513447,0.5172798636240834,0.0518941751398489,0.5180296508847441,0.6940413871547302,0.0810456497387234,0.0007497872606606,0.0940996056682175,0.0570879888268156,0.469984090127279,0.6345566735466117,0.1643254206584828,-0.0472957734968044,0.034614892060099,0.0825109649122807,0.469984090127279,-0.0007738414027951,0.034614892060099,0.0530071369383336,0.5191969227882541,0.6946261375363543,0.0855068604222751,0.0946843560498416,0.0019170591641707,0.5191969227882541,-0.014876309023991,0.1750306064098813,0.0022957381681186,0.0011773016246762,0.0006475158935719,0.0006475158935719,0.0,0.0507127192982456,0.0069215557020435,2.387061884743145
images/glam_dia/926d3c0e0d6749d708fdeb5527c5fa44.jpg,926d3c0e0d6749d708fdeb5527c5fa44.jpg,glam_dia,desconocido,0.1011631140799869,0.3930966011817796,0.5312557087646913,0.3050296172611632,0.3930966011817796,0.0454436559464492,0.4236099629040805,0.7686938703409292,0.2104754726404177,0.0305133617223009,0.2374381615762378,0.1010364598647456,0.3277136691997372,0.7758701566751103,0.2117475662170542,-0.0653829319820423,0.2446144479104189,0.1142344497607655,0.3277136691997372,-0.0001266542152413,0.2446144479104189,0.0692222875624816,0.3947956656346749,0.672264189886481,0.3116307515357797,0.1410084811217896,0.0016990644528952,0.3947956656346749,-0.0110568352689487,0.130110197192839,0.0151612903225806,0.0003870967741935,0.0049677419354838,0.0049677419354838,0.0,0.0544258373205741,0.0933333333333333,0.8283582720834284
images/glam_dia/98931eaabd59b0980cee092c01014f65.jpg,98931eaabd59b0980cee092c01014f65.jpg,glam_dia,desconocido,0.0735746295169021,0.3330135847570713,0.7205098476727992,0.216419478705059,0.3330135847570713,0.0533289724913372,0.3799193348225366,0.8536733680814099,0.0830502057237978,0.0469057500654652,0.1331635204086106,0.0601965674745404,0.3668246938223857,0.71704302081384,0.2123164228999168,0.0338111090653144,-0.0034668268589592,0.1378579003181336,0.3668246938223857,-0.0133780620423616,-0.0034668268589592,0.0538486876778749,0.3636940436551979,0.8591231964483907,0.082216807868888,0.1386133487755915,0.0306804588981265,0.3636940436551979,0.0371324393429687,0.0726151148028401,0.0245929443690637,0.0,0.0132858435097241,0.0132858435097241,0.0,0.0580593849416755,0.0022151898734177,4.40883085689744
images/glam_dia/9bd2df9abc953fc5aabf22ef4ffd7c64.jpg,9bd2df9abc953fc5aabf22ef4ffd7c64.jpg,glam_dia,desconocido,0.1036346095104796,0.3126956067665791,0.7286737322499798,0.221172425413628,0.3126956067665791,0.060936617587953,0.3820861493853562,0.7445361823207578,0.1336945953167599,0.069390542618777,0.015862450070778,0.0712949299040792,0.3244527685287951,0.6974955810416411,0.2074068104516933,0.0117571617622159,-0.0311781512083386,0.1154350104821803,0.3244527685287951,-0.0323396796064003,-0.0311781512083386,0.062202577596557,0.3476390279996029,0.8142204235582867,0.111554512789217,0.0855466913083069,0.0349434212330238,0.3476390279996029,0.0386970418713389,0.093340563837903,0.0265243902439024,0.0,0.0107538802660753,0.0107538802660753,0.0,0.060796645702306,0.0211688909341923,1.4226312491398068
images/glam_dia/c893e53d53664f6e7ddc7c660b2124b8.jpg,c893e53d53664f6e7ddc7c660b2124b8.jpg,glam_dia,desconocido,0.0573852675295729,0.3148916897386189,0.6884196802331641,0.2352389149620263,0.3148916897386189,0.0521378540287006,0.4231968132420621,0.6024274535586752,0.1603349295987682,0.1083051235034431,-0.0859922266744889,0.0642489932992726,0.3409563711524496,0.606977263840009,0.2239771973669125,0.0260646814138306,-0.081442416393155,0.1737891737891738,0.3409563711524496,0.0068637257696996,-0.081442416393155,0.0500376020627417,0.3682017543859648,0.6876409065650552,0.1534004205839539,-0.0007787736681089,0.0533100646473459,0.3682017543859648,0.0625599565215399,0.0535518137314547,0.0526066631161607,0.0,0.0298834250547369,0.0298834250547369,0.0,0.133048433048433,0.1324786324786324,1.5380208151999322
images/glam_dia/ce86048245643494b762b369b77ff218.jpg,ce86048245643494b762b369b77ff218.jpg,glam_dia,desconocido,0.0658868981010692,0.4512079805265594,0.574929438645222,0.2308684132044942,0.4512079805265594,0.1320890468935161,0.455378292731234,0.6576173499702911,0.1314961059477797,0.0041703122046745,0.0826879113250691,0.0882727081077455,0.3952401372212693,0.542368748528571,0.1757038625013057,-0.0559678433052901,-0.0325606901166509,0.1149228130360205,0.3952401372212693,0.0223858100066762,-0.0325606901166509,0.0502444134078212,0.4090084670231729,0.7174353832442067,0.1251316645652087,0.1425059445989848,-0.0421995135033865,0.4090084670231729,-0.031332348201334,0.1260776035290048,0.0182035487726395,0.0,0.0091017743863197,0.0091017743863197,0.0,0.119639794168096,0.0194444444444444,1.1659951234958272
images/glam_dia/d8e00e188c921c0b04b67982a338fed0.jpg,d8e00e188c921c0b04b67982a338fed0.jpg,glam_dia,desconocido,0.0594066529771016,0.3941033590185778,0.7426810344541138,0.1836259403122837,0.3941033590185778,0.0515952824332712,0.4210305010893247,0.796562091503268,0.0654539591605381,0.0269271420707468,0.0538810570491541,0.0621069433359936,0.3361456582633053,0.7128197945845005,0.190273685170734,-0.0579577007552725,-0.0298612398696133,0.1485714285714285,0.3361456582633053,0.0027002903588919,-0.0298612398696133,0.0500558659217877,0.3762418300653595,0.8106977124183007,0.0783962065601404,0.0680166779641868,-0.0178615289532183,0.3762418300653595,-0.0162973625459146,0.103184782915669,0.0047954290378532,0.0222426283032343,0.0013263952657892,0.0013263952657892,0.0,0.0471428571428571,0.0,3.772647932958248
images/glam_dia/d948cfb0df83be02fb03f6c2d6f591db.jpg,d948cfb0df83be02fb03f6c2d6f591db.jpg,glam_dia,desconocido,0.0710577502224137,0.4315917069102616,0.683220360349877,0.194977521131462,0.4315917069102616,0.057579456363551,0.484363157027517,0.7737551491184709,0.1029833529826156,0.0527714501172553,0.0905347887685938,0.0563311467113074,0.4759048985447837,0.7380938716950195,0.1839657010096599,0.044313191634522,0.0548735113451425,0.1393728222996515,0.4759048985447837,-0.0147266035111062,0.0548735113451425,0.0582396990651722,0.489297896880905,0.7845174114702201,0.1258255571662698,0.1012970511203431,0.0577061899706433,0.489297896880905,0.0515969439074735,0.0881017469397669,0.0112460638776428,0.0,0.0022492127755285,0.0022492127755285,0.0,0.0404181184668989,0.0079831932773109,3.407780603842086
images/glam_dia/04703bc574a3e59c32bf44a8cc60ba75.jpg,04703bc574a3e59c32bf44a8cc60ba75.jpg,glam_dia,desconocido,0.0822922519992302,0.4514604687328906,0.4280833723964581,0.2603221852269383,0.4514604687328906,0.2299410002832468,0.5817577257440192,0.5083182097002771,0.1864822260217394,0.1302972570111285,0.0802348373038189,0.0596389406165942,0.4988228031953522,0.519076978939724,0.1931003547485806,0.0473623344624615,0.0909936065432658,0.1059259259259259,0.4988228031953522,-0.0226533113826359,0.0909936065432658,0.0910135774959253,0.5659234960524852,0.5635290411060454,0.1860224495224827,0.1354456687095872,0.1144630273195945,0.5659234960524852,0.0973742062643948,0.2443201092453086,0.0871707993223471,0.0025797012166949,0.055559833667026,0.055559833667026,0.0,0.1711111111111111,0.3691477885652643,1.4403230922338943
images/glam_dia/0921659e4d5b0d8b32a9ab6950b5077b.jpg,0921659e4d5b0d8b32a9ab6950b5077b.jpg,glam_dia,desconocido,0.086879379815936,0.3727394232635933,0.7623456237026418,0.1240904655039684,0.3727394232635933,0.0672531379235289,0.410995670995671,0.8114463967405144,0.1095798239735648,0.0382562477320777,0.0491007730378726,0.0534398478135234,0.4043187964841108,0.7565225659229209,0.1683405639453777,0.0315793732205175,-0.0058230577797209,0.1260775862068965,0.4043187964841108,-0.0334395320024126,-0.0058230577797209,0.0534716679968076,0.4111306684836097,0.814792944204709,0.0988904854264259,0.0524473205020672,0.0383912452200163,0.4111306684836097,0.0360756220575371,0.1158599758262838,0.0130666049953746,0.0,0.0026595744680851,0.0026595744680851,0.0,0.0264008620689655,0.0019480519480519,2.6387971348150643
images/glam_dia/0b6c36a91de48a482cf671e43b4ab2a5.jpg,0b6c36a91de48a482cf671e43b4ab2a5.jpg,glam_dia,desconocido,0.0813329971343188,0.3357177708907486,0.7002587683434451,0.1456335624109868,0.3357177708907486,0.1382649383415287,0.38252010481612,0.7234819734345351,0.1399647855975475,0.0468023339253713,0.0232232050910899,0.0600309257781324,0.4028672580143169,0.7371420790538438,0.1836153989571065,0.0671494871235682,0.0368833107103986,0.1026785714285714,0.4028672580143169,-0.0213020713561863,0.0368833107103986,0.0750686158098612,0.3481502357040377,0.7350720776115325,0.1731911322714227,0.0348133092680873,0.012432464813289,0.3481502357040377,0.0421280952874095,0.0534636576355911,0.0387305564255141,0.0,0.0239064620524063,0.0239064620524063,0.0,0.0446428571428571,0.0172811059907834,1.7033196780794349
images/glam_dia/18861cf8e8e16d694b52e4d994d33c93.jpg,18861cf8e8e16d694b52e4d994d33c93.jpg,glam_dia,desconocido,0.0756783023878579,0.3939258630281381,0.6143920983027358,0.2117427122051791,0.3939258630281381,0.1552795177096853,0.5004076714861029,0.6299267181620123,0.1409061048199903,0.1064818084579647,0.0155346198592765,0.0603859123412196,0.4210468386938975,0.5239465710053945,0.1511519538428617,0.0271209756657593,-0.0904455272973412,0.1146916146916147,0.4210468386938975,-0.0152923900466383,-0.0904455272973412,0.0599614978106598,0.4451016524545936,0.641000626294744,0.1736783405908353,0.0266085279920081,0.0511757894264555,0.4451016524545936,0.0615928578500598,0.0568299852547644,0.051812302601895,0.0178974281846894,0.0274477365017295,0.0274477365017295,0.0,0.0557865557865557,0.0707070707070707,1.9861811106949017
images/glam_dia/9d2286e819774450f6d9f93697c169c5.jpg,9d2286e819774450f6d9f93697c169c5.jpg,glam_dia,desconocido,0.1092403489861533,0.4029348933270058,0.5631577157742385,0.1187383440402345,0.4029348933270058,0.0626051012922521,0.4627698554169143,0.6398197662903544,0.0610212046207128,0.0598349620899085,0.0766620505161159,0.0690075442868738,0.4269482151835093,0.561854365677895,0.1357061772441925,0.0240133218565034,-0.0013033500963434,0.0713675213675213,0.4269482151835093,-0.0402328046992794,-0.0013033500963434,0.0637282540393041,0.4478148886673313,0.6305862714885646,0.0649344127087716,0.0674285557143261,0.0448799953403254,0.4478148886673313,0.0429094264289124,0.1090114225649979,0.0165730721818928,0.0005022143085422,0.0088572341688353,0.0088572341688353,0.0,0.0474358974358974,0.0106060606060606,3.635582709856914
images/glam_dia/accc9a7c5c7ecd1395f4600e735723a3.jpg,accc9a7c5c7ecd1395f4600e735723a3.jpg,glam_dia,desconocido,0.057357413995313,0.4321249058412655,0.6234880199654562,0.2186977905800568,0.4321249058412655,0.0498588334234396,0.4510699978916298,0.7682869491882774,0.0942809250863471,0.0189450920503643,0.1447989292228212,0.052867008069522,0.4102378358750907,0.6558533042846768,0.2120934147216316,-0.0218870699661747,0.0323652843192205,0.1243055555555555,0.4102378358750907,-0.004490405925791,0.0323652843192205,0.0502408695919721,0.4379367797473041,0.7722998719550763,0.1177627370658805,0.1488118519896201,0.0058118739060386,0.4379367797473041,0.0009566319967427,0.0872193798743988,0.0102747909199522,0.0,0.0013859020310633,0.0013859020310633,0.0,0.0777777777777777,0.0051075268817204,3.874622900073563
images/glam_dia/ca6b03d519dfb07d85e72fc9b55181e6.jpg,ca6b03d519dfb07d85e72fc9b55181e6.jpg,glam_dia,desconocido,0.0737387695144446,0.3738006934324392,0.786666461052897,0.2236666170272306,0.3738006934324392,0.0576565879107385,0.446717380934448,0.9275773476270576,0.035397024995632,0.0729166875020088,0.1409108865741607,0.0658399638846566,0.3726098520216166,0.8175862264097561,0.1683845770003517,-0.0011908414108225,0.0309197653568591,0.1338383838383838,0.3726098520216166,-0.007898805629788,0.0309197653568591,0.0556825235596185,0.4326945929887107,0.9114218162012282,0.0553813887662576,0.1247553551483312,0.0588938995562715,0.4326945929887107,0.0435399152158192,0.1387738195124357,0.0017263025737602,0.0,0.0004708097928436,0.0004708097928436,0.0,0.0248917748917748,0.0,4.385889126110518
images/glam_dia/d1f294e95f7d3306bb895e004585ace8.jpg,d1f294e95f7d3306bb895e004585ace8.jpg,glam_dia,desconocido,0.065092287159718,0.4111351281980768,0.7497613874909479,0.1938077223473198,0.4111351281980768,0.0530912772779351,0.4773889460394651,0.8170778390847596,0.0855680128613516,0.0662538178413882,0.0673164515938117,0.0590151204676344,0.4367455090144166,0.7924780723100052,0.1428847902717502,0.0256103808163398,0.0427166848190573,0.0896304467733039,0.4367455090144166,-0.0060771666920835,0.0427166848190573,0.0521195077759323,0.4408802710273298,0.8414206223029754,0.0745197132038913,0.0916592348120275,0.029745142829253,0.4408802710273298,0.040536447162327,0.1171064642931251,0.0146570479789304,0.0012595900606893,0.0060116798351082,0.0060116798351082,0.0,0.0217870932156646,0.0022257551669316,3.029158075165757
images/glam_dia/d83acba6f312ba9d9584f79b7074c983.jpg,d83acba6f312ba9d9584f79b7074c983.jpg,glam_dia,desconocido,0.1009364532576555,0.3145568770639246,0.6936821160839203,0.1494907870192569,0.3145568770639246,0.122484720057442,0.4079363615874772,0.6530487430081751,0.094953342596204,0.0933794845235526,-0.0406333730757452,0.0798678536930262,0.3602390688895879,0.6562738107720806,0.132545918132956,0.0456821918256633,-0.0374083053118396,0.0935828877005347,0.3602390688895879,-0.0210685995646293,-0.0374083053118396,0.0579017880597537,0.3856352572376913,0.7077132890773864,0.0729911539167718,0.0140311729934661,0.0710783801737667,0.3856352572376913,0.0700466855076609,0.06419818041965,0.0163078930202217,0.0,0.005404901686702,0.005404901686702,0.0,0.0316399286987522,0.0101880877742946,0.8880471492268842
images/glam_noche/0c66f824d0d0b9212ff8f9af76be20c2.jpg,0c66f824d0d0b9212ff8f9af76be20c2.jpg,glam_noche,desconocido,0.0749659259848329,0.431560176462835,0.6576723342559642,0.2173603650177856,0.431560176462835,0.0561734543861649,0.4985667951391082,0.6631357806280408,0.1535381190335175,0.0670066186762732,0.0054634463720766,0.1719192497562636,0.3799648760704651,0.6197173791030725,0.2558571076826629,-0.0515953003923698,-0.0379549551528917,0.185595567867036,0.3799648760704651,0.0969533237714307,-0.0379549551528917,0.0421030013796847,0.4609653092006033,0.7327252520441374,0.1645988797939231,0.0750529177881732,0.0294051327377682,0.4609653092006033,0.0149388170072238,0.0820706251863044,0.0270035263996908,0.0,0.0126080865658663,0.0126080865658663,0.0,0.1144967682363804,0.0526315789473684,1.111266798986899
images/glam_noche/1b97acb9f6b3061da6bf837ba870ff56.jpg,1b97acb9f6b3061da6bf837ba870ff56.jpg,glam_noche,desconocido,0.0772721238408419,0.4120329238045043,0.6715498041834576,0.1835773464028596,0.4120329238045043,0.0622508995003244,0.432951823263242,0.7697897258450892,0.1420001807470866,0.0209188994587377,0.0982399216616316,0.085507545486836,0.405377778192298,0.6781907435560239,0.2270179336744735,-0.0066551456122063,0.0066409393725663,0.1030600919613128,0.405377778192298,0.008235421645994,0.0066409393725663,0.0737340112237417,0.4714882219856268,0.6501652470943129,0.2287055287891796,-0.0213845570891446,0.0594552981811225,0.4714882219856268,0.0245730173425513,0.066070882249576,0.0212305611899932,0.0014536849222447,0.0040906017579445,0.0040906017579445,0.0,0.0792769938163944,0.0150829562594268,3.868343211261086
images/glam_noche/1ffdebde8284c37688e3d01483fcb2ec.jpg,1ffdebde8284c37688e3d01483fcb2ec.jpg,glam_noche,desconocido,0.1096366760636493,0.4143119511075257,0.7517214255792811,0.2328770362446543,0.4143119511075257,0.0601522709279015,0.4555915017050978,0.823802602501227,0.1247374900909855,0.0412795505975721,0.0720811769219459,0.1088784520636311,0.4277516126276218,0.6928948267760263,0.2505084581800792,0.0134396615200961,-0.0588265988032548,0.1550925925925926,0.4277516126276218,-0.0007582240000181,-0.0588265988032548,0.0493071787185426,0.4124158481403818,0.8770840231026747,0.1102114048737662,0.1253625975233936,-0.0018961029671438,0.4124158481403818,0.0176077030501747,0.1267057282308605,0.0394522892597347,0.0111824276137498,0.012665810868635,0.012665810868635,0.0,0.0932734204793028,0.0049418141240235,3.5859122905317715
images/glam_noche/20694e9ea50d18ca19ada3b5e49f329c.jpg,20694e9ea50d18ca19ada3b5e49f329c.jpg,glam_noche,desconocido,0.0786934912406626,0.3730784626212934,0.6525124734571677,0.2717394017578368,0.3730784626212934,0.0374835794609732,0.3779591629933627,0.806763945888433,0.132795243580408,0.0048807003720692,0.1542514724312653,0.3145356804047644,0.2950855638437911,0.6370312056371474,0.2626372642282638,-0.0779928987775023,-0.0154812678200202,0.1250548486178148,0.2950855638437911,0.2358421891641017,-0.0154812678200202,0.0404302542115975,0.3687756497948016,0.8305259157926738,0.1216007819355836,0.1780134423355061,-0.0043028128264918,0.3687756497948016,-0.0258050037439749,0.0247892063161951,0.0042119879657486,0.0,0.0010182828049062,0.0010182828049062,0.0,0.1415094339622641,0.0100775193798449,2.7079385458100904
images/glam_noche/2c5909c3e1695dc71e7e261044fd2b5f.jpg,2c5909c3e1695dc71e7e261044fd2b5f.jpg,glam_noche,desconocido,0.1252724076397343,0.3880412460613049,0.6399776193775274,0.2344946734304709,0.3880412460613049,0.0498821006542331,0.3942628321042397,0.7527273299054988,0.1840888115642109,0.0062215860429348,0.1127497105279714,0.1031976020474213,0.3216280451574569,0.6973891160742373,0.2748481431721022,-0.066413200903848,0.0574114966967098,0.10650623885918,0.3216280451574569,-0.022074805592313,0.0574114966967098,0.0854680741142887,0.3321547114143463,0.7523349621980454,0.2334352154232294,0.112357342820518,-0.0558865346469585,0.3321547114143463,-0.0386927165026239,0.0678426382264975,0.0169540229885057,0.000287356321839,0.0063218390804597,0.0063218390804597,0.0,0.1365864527629233,0.0387596899224806,1.3798696670004078
images/glam_noche/35a2960f53141cf1c9b036128c8c52e5.jpg,35a2960f53141cf1c9b036128c8c52e5.jpg,glam_noche,desconocido,0.0632930854590408,0.3883719189234713,0.680405257871523,0.2312926996066704,0.3883719189234713,0.0494326117318435,0.4194464869281046,0.7894424019607843,0.1065858484175492,0.0310745680046332,0.1090371440892613,0.0685533666568656,0.3923976608187134,0.626952184382525,0.2371375316872511,0.004025741895242,-0.0534530734889979,0.175438596491228,0.3923976608187134,0.0052602811978247,-0.0534530734889979,0.0452594606944936,0.4123150463072158,0.7761671148010126,0.1191816219704871,0.0957618569294896,0.0239431273837444,0.4123150463072158,0.0196811457612066,0.0494152463391916,0.0194545107762731,0.0001907304978065,0.0046728971962616,0.0046728971962616,0.0,0.1175438596491228,0.0057291666666666,3.4040776897107583
images/glam_noche/49eac00b0168499a062d270a2df4f639.jpg,49eac00b0168499a062d270a2df4f639.jpg,glam_noche,desconocido,0.0983346311842963,0.4183637354706958,0.6250529734211617,0.3096724732687184,0.4183637354706958,0.054798923084269,0.4810870041639272,0.8551855719276535,0.1736047623267974,0.0627232686932314,0.2301325985064918,0.0708255741775295,0.4442522764091392,0.7469292218311826,0.2446318177179578,0.0258885409384433,0.1218762484100208,0.0928774928774928,0.4442522764091392,-0.0275090570067668,0.1218762484100208,0.06935307923705,0.4655750860501992,0.7767886839153808,0.2484823264690864,0.151735710494219,0.0472113505795033,0.4655750860501992,0.0452743867370593,0.0780948512194154,0.0430582061068702,0.0001192748091603,0.0194417938931297,0.0194417938931297,0.0,0.0928774928774928,0.0407626561472715,1.389460355598937
images/glam_noche/5ede7b97a3948e1e4dbf425e8544337e.jpg,5ede7b97a3948e1e4dbf425e8544337e.jpg,glam_noche,desconocido,0.2233715787770025,0.2896221753206268,0.5926787327948374,0.3178433554776997,0.2896221753206268,0.0678382698182016,0.3971240416123182,0.8106088081527907,0.1932445475447849,0.1075018662916914,0.2179300753579532,0.1787631544757698,0.2528527131782946,0.699342453260374,0.2303048945104783,-0.0367694621423321,0.1066637204655366,0.0851162790697674,0.2528527131782946,-0.0446084243012327,0.1066637204655366,0.0966393833095145,0.3541547667618659,0.7258621931024551,0.2890255589443157,0.1331834603076177,0.0645325914412391,0.3541547667618659,0.0450883318635328,0.1745108895271842,0.0963105859657583,0.0,0.0632746563781046,0.0632746563781046,0.0,0.0855813953488372,0.0535424553812871,0.7992469796252137
images/glam_noche/dc1459779df64409e3911dbb91e508e0.jpg,dc1459779df64409e3911dbb91e508e0.jpg,glam_noche,desconocido,0.1654503538072034,0.3629628424457876,0.6585363671121884,0.2912873537229901,0.3629628424457876,0.0472582206781574,0.404315906158571,0.8471106144033147,0.093173601793823,0.0413530637127833,0.1885742472911262,0.056195899072994,0.4154346353926186,0.702732631514144,0.2598428142650998,0.0524717929468309,0.0441962644019555,0.1093014128728414,0.4154346353926186,-0.1092544547342093,0.0441962644019555,0.0646036051936889,0.4114010989010989,0.8159636931695755,0.1657092133460928,0.157427326057387,0.0484382564553112,0.4114010989010989,0.0474210377049751,0.0967040582895499,0.031959453799112,0.0,0.0140320013403702,0.0140320013403702,0.0,0.1177394034536891,0.0009267840593141,4.132117930405939
images/glam_noche/01c0c4c60a2fc104102ad85512c91f4c.jpg,01c0c4c60a2fc104102ad85512c91f4c.jpg,glam_noche,desconocido,0.1972649734231838,0.380797599326305,0.5669732517068411,0.2116105420355998,0.380797599326305,0.147202270107298,0.439347833851209,0.6402152117677673,0.1293152169885573,0.0585502345249039,0.0732419600609262,0.1801007920089024,0.4034785978168496,0.6579503573268516,0.1775552169332575,0.0226809984905445,0.0909771056200104,0.046373231529306,0.4034785978168496,-0.0171641814142813,0.0909771056200104,0.1307283285142979,0.4119032312378504,0.6483572117371539,0.1664331646993312,0.0813839600303127,0.0311056319115453,0.4119032312378504,0.0374456216423313,0.155042918305877,0.0535334905330002,0.0,0.0215721523124693,0.0215721523124693,0.0,0.061082416348529,0.0636221701795472,2.216963905967505
images/glam_noche/04a5d389c554f513d311405b972293e6.jpg,04a5d389c554f513d311405b972293e6.jpg,glam_noche,desconocido,0.0577161793786444,0.4300673825429649,0.6151831091342869,0.2645798257559068,0.4300673825429649,0.0823879154146078,0.5046075244301271,0.7269797841617268,0.1284336269171668,0.0745401418871622,0.1117966750274399,0.0833615484453473,0.3950864857727603,0.5961394995708722,0.259036298186216,-0.0349808967702046,-0.0190436095634146,0.1452020202020202,0.3950864857727603,0.0256453690667028,-0.0190436095634146,0.0402918625796621,0.4548042090736588,0.7530310217928815,0.1391713197720374,0.1378479126585946,0.0247368265306939,0.4548042090736588,0.0214320238825505,0.0881696880219846,0.0150089605734767,4.480286738351255e-05,0.0068996415770609,0.0068996415770609,0.0,0.162037037037037,0.0162540635158789,1.682384515862596
images/glam_noche/06cfda07aab4a14c3d1bbd730572184f.jpg,06cfda07aab4a14c3d1bbd730572184f.jpg,glam_noche,desconocido,0.0724652562740863,0.4130157335766013,0.6475039136849456,0.2075813738503596,0.4130157335766013,0.0507611620822268,0.4521976994295332,0.6911234764175941,0.1132878571563924,0.0391819658529319,0.0436195627326484,0.0662805982468341,0.3646964941927524,0.6925900592795258,0.2104781380129719,-0.0483192393838489,0.0450861455945801,0.0854993160054719,0.3646964941927524,-0.0061846580272522,0.0450861455945801,0.0702949655520628,0.3935894357743097,0.6577945463899845,0.1904562267201617,0.0102906327050388,-0.0194262978022916,0.3935894357743097,-0.0095211904444028,0.0631133156599011,0.0121597737716507,0.0,0.0033227288794627,0.0033227288794627,0.0,0.0834473324213406,0.0210651828298887,1.7998710697526337
images/glam_noche/0d9ab444c01e674b5280ab7fc0843149.jpg,0d9ab444c01e674b5280ab7fc0843149.jpg,glam_noche,desconocido,0.0714852213857667,0.3724872231686542,0.6587956931778959,0.2307959490966063,0.3724872231686542,0.0613262784701332,0.4531674208144796,0.7002055052790347,0.2051800542001187,0.0806801976458254,0.0414098121011388,0.1598220192590414,0.3338203044375644,0.6246017156862745,0.2885535041987827,-0.0386669187310897,-0.0341939774916213,0.1455592105263158,0.3338203044375644,0.0883367978732747,-0.0341939774916213,0.0611642523060932,0.4363414842681259,0.7746138280893754,0.1520146864595722,0.1158181349114795,0.0638542610994717,0.4363414842681259,0.0352891800047358,0.024191843809046,0.0309795777085496,0.0,0.0067497403946002,0.0067497403946002,0.0,0.1821546052631578,0.1100961538461538,1.7652188579074803
images/glam_noche/1a4a42ab5122d38538fdd61333e35d98.jpg,1a4a42ab5122d38538fdd61333e35d98.jpg,glam_noche,desconocido,0.099102764857858,0.4166059316314968,0.6159951286421405,0.3312034566444142,0.4166059316314968,0.0481658513887923,0.4203639487163172,0.7849955991049747,0.1922825528022919,0.0037580170848204,0.1690004704628342,0.167397155916709,0.3114162210338681,0.7091167557932264,0.2767923937154642,-0.1051897105976287,0.0931216271510859,0.1325,0.3114162210338681,0.0682943910588509,0.0931216271510859,0.0614992916521878,0.3970408418550833,0.788511273727992,0.250698574936006,0.1725161450858515,-0.0195650897764135,0.3970408418550833,-0.0403322610964072,0.0802474443638922,0.0096639471639471,0.0,0.0055361305361305,0.0055361305361305,0.0,0.1290909090909091,0.0486749594375338,1.316848660564732
images/glam_noche/1a4d73eff2e51fdb59a249c3e0642c62.jpg,1a4d73eff2e51fdb59a249c3e0642c62.jpg,glam_noche,desconocido,0.1973493615323224,0.4269467787114846,0.637264239028945,0.2458655506791977,0.4269467787114846,0.2998708328769124,0.4831507112648982,0.7105560361399462,0.1283131519739954,0.0562039325534136,0.0732917971110012,0.445267375248556,0.2777078486761936,0.5874743824083305,0.223570742020824,-0.1492389300352909,-0.0497898566206145,0.1278248587570621,0.2777078486761936,0.2479180137162336,-0.0497898566206145,0.2216973381531383,0.4117520905420991,0.7483155517108806,0.1418908306470491,0.1110513126819355,-0.0151946881693854,0.4117520905420991,-0.0360765618837542,0.1493347456028776,0.0464546783625731,0.0020467836257309,0.0430921052631579,0.0430921052631579,0.0,0.1257062146892655,0.0269607843137254,0.3268409020035251
images/glam_noche/1bda392875fdfb2a7e115047f9dd39c8.jpg,1bda392875fdfb2a7e115047f9dd39c8.jpg,glam_noche,desconocido,0.1010600922186416,0.4047793088688036,0.5137531486146096,0.2044244527381208,0.4047793088688036,0.0453891053628155,0.4978799362882408,0.5903850167517987,0.1333179895016459,0.0931006274194372,0.076631868137189,0.1517880895374909,0.3783618209188437,0.5031021932582558,0.2348305178252744,-0.0264174879499599,-0.0106509553563538,0.1333819241982507,0.3783618209188437,0.0507279973188492,-0.0106509553563538,0.0526188367430362,0.4542776866844298,0.618324280931885,0.1636950916736808,0.1045711323172753,0.0494983778156262,0.4542776866844298,0.0387271724283678,0.1500956579025754,0.0267911818738518,0.0,0.0063788528271075,0.0063788528271075,0.0,0.2198736637512147,0.0963585434173669,2.3667754651623976
images/glam_noche/1d1d8b580802f60ebdf81802ef89bce7.jpg,1d1d8b580802f60ebdf81802ef89bce7.jpg,glam_noche,desconocido,0.1248321446741789,0.3688468844655457,0.58216694281603,0.2183838441480876,0.3688468844655457,0.0691165084394468,0.3904494335047451,0.7540833646891592,0.0897180237924345,0.0216025490391994,0.1719164218731291,0.2203859455256103,0.3487696617108382,0.6073389355742297,0.2425578037182463,-0.0200772227547075,0.0251719927581997,0.1223443223443223,0.3487696617108382,0.0955538008514313,0.0251719927581997,0.0641021548284118,0.3775113600995954,0.7420429505135387,0.1276242489458847,0.1598760076975087,0.0086644756340497,0.3775113600995954,0.0033966006395138,0.0892361630201089,0.0222444581280788,0.0,0.0141625615763546,0.0141625615763546,0.0,0.1388278388278388,0.0153518123667377,4.676428933508698
images/glam_noche/1fd751863af66c4b783b4d99c2051e61.jpg,1fd751863af66c4b783b4d99c2051e61.jpg,glam_noche,desconocido,0.110504266629954,0.4015856666920984,0.7226829599111586,0.2865506008399861,0.4015856666920984,0.0476908752327746,0.416155410312273,0.817674655047204,0.1131880941418014,0.0145697436201746,0.0949916951360454,0.1455212036566785,0.2626460685284214,0.6527678748266984,0.2768511668642697,-0.138939598163677,-0.0699150850844602,0.163510101010101,0.2626460685284214,0.0350169370267244,-0.0699150850844602,0.0341868404717566,0.3968050108932462,0.8281895424836603,0.1542226674892497,0.1055065825725016,-0.0047806557988522,0.3968050108932462,-0.0430501701141182,0.0979004049263626,0.0102513227513227,0.0,0.0020502645502645,0.0020502645502645,0.0,0.1287878787878787,0.0011111111111111,2.186003767655932
images/glam_noche/2b6c3e5115bcaa99f0047ebf55cf9518.jpg,2b6c3e5115bcaa99f0047ebf55cf9518.jpg,glam_noche,desconocido,0.0628916087562039,0.4900586913158696,0.7764431874577252,0.2172122333275179,0.4900586913158696,0.0502360664371837,0.5502059813824519,0.9093833762461214,0.0792926678247968,0.0601472900665823,0.1329401887883962,0.1112221473062351,0.4861173089925625,0.6626797385620915,0.3121252717235927,-0.003941382323307,-0.1137634488956337,0.1054597701149425,0.4861173089925625,0.0483305385500312,-0.1137634488956337,0.0637633316404266,0.5345598138245197,0.8564468211527037,0.1866853362758524,0.0800036336949784,0.04450112250865,0.5345598138245197,0.033569010083975,0.1888249080329667,0.0128873703770305,0.0001198825151351,0.002727327219325,0.002727327219325,0.0,0.1732758620689655,0.0,4.604079392808534
images/glam_noche/2e6edcdf2b9b2c3460d8e486d38e4c74.jpg,2e6edcdf2b9b2c3460d8e486d38e4c74.jpg,glam_noche,desconocido,0.11331318422906,0.3089708582095308,0.6137030615671797,0.2861089859256052,0.3089708582095308,0.0645204755340429,0.3672806496335908,0.8032683780582941,0.1018980113203738,0.0583097914240599,0.1895653164911144,0.0834951780750828,0.3264147038125595,0.7084344082460571,0.2468884930190981,0.0174438456030286,0.0947313466788773,0.1043279380717804,0.3264147038125595,-0.0298180061539772,0.0947313466788773,0.0628863023116814,0.3716971637139704,0.7904628518073896,0.1330987468344654,0.1767597902402099,0.0627263055044395,0.3716971637139704,0.0461599808438427,0.0698347345073987,0.011900362184936,0.0,0.0046197058171335,0.0046197058171335,0.0,0.1220971147079521,0.0094825809111523,3.606941387621537
images/glam_noche/322b3a28ebd6a122a32a85b93e775012.jpg,322b3a28ebd6a122a32a85b93e775012.jpg,glam_noche,desconocido,0.1289602116726158,0.3765914519518916,0.655542232498188,0.1523000103923726,0.3765914519518916,0.0552853987138021,0.3959659707337726,0.7639146886824905,0.093828646742865,0.0193745187818809,0.1083724561843024,0.0789130647848672,0.3519355578488705,0.6585999312005503,0.2129741385440731,-0.0246558941030211,0.0030576987023622,0.1330409356725146,0.3519355578488705,-0.0500471468877485,0.0030576987023622,0.0706862235089227,0.3909551877431134,0.7534988489322855,0.1076051571819007,0.0979566164340974,0.0143637357912217,0.3909551877431134,0.0030274534900271,0.064916317043201,0.0090761555568912,0.0003606419426579,0.0021638516559475,0.0021638516559475,0.0,0.097953216374269,0.0013495276653171,3.865497189987831
images/glam_noche/356219b209ec89086914ae7903fdae64.jpg,356219b209ec89086914ae7903fdae64.jpg,glam_noche,desconocido,0.078531950753579,0.3885651775620785,0.6692163197286867,0.3129148840556064,0.3885651775620785,0.0648796733992264,0.4062979721803251,0.8116641528406234,0.2360951180993026,0.0177327946182466,0.1424478331119367,0.2190571613634523,0.3292661267405513,0.8453779482807615,0.227274577834569,-0.0592990508215272,0.1761616285520748,0.081159420289855,0.3292661267405513,0.1405252106098732,0.1761616285520748,0.0729389980744386,0.3674333123293425,0.834116040871295,0.2331562071285401,0.1648997211426083,-0.0211318652327359,0.3674333123293425,-0.0208993738120054,0.0439241852283141,0.0111804076665652,0.0,0.0020155156677821,0.0020155156677821,0.0,0.0648550724637681,0.0891025641025641,1.5067714718366847
images/glam_noche/3aa7c9b5b3f0e640e5c245faf587d10f.jpg,3aa7c9b5b3f0e640e5c245faf587d10f.jpg,glam_noche,desconocido,0.1814973319893621,0.3257860126721432,0.7671463692510643,0.2174483640941273,0.3257860126721432,0.1020184845786011,0.3849165138167696,0.818106039077906,0.1367360414071188,0.0591305011446263,0.0509596698268417,0.1309188251227357,0.3057917409387997,0.7054248366013073,0.2893056756649232,-0.0199942717333435,-0.0617215326497569,0.1571969696969697,0.3057917409387997,-0.0505785068666264,-0.0617215326497569,0.1393629713240652,0.3204954616117546,0.8181284790130886,0.1701739376498567,0.0509821097620243,-0.0052905510603886,0.3204954616117546,0.0112818927836314,0.1635275024323625,0.0307089698394046,0.0,0.0137877007442224,0.0137877007442224,0.0,0.1393939393939394,0.0140535792709705,2.0845071437684157
images/glam_noche/4527a071a379aa6ee7eb1c0ca9ca6f1e.jpg,4527a071a379aa6ee7eb1c0ca9ca6f1e.jpg,glam_noche,desconocido,0.172175132427598,0.4125101954259241,0.5632682690380644,0.2698970245936815,0.4125101954259241,0.0668891834737872,0.4262086755606197,0.7035354254696229,0.0989250669797743,0.0136984801346956,0.1402671564315585,0.2047655674689922,0.3648851811255904,0.497454634027524,0.2345790227248488,-0.0476250143003337,-0.0658136350105403,0.1357832988267771,0.3648851811255904,0.0325904350413942,-0.0658136350105403,0.0509915443442068,0.4319339550166058,0.7241487312224468,0.1452780047170524,0.1608804621843824,0.0194237595906816,0.4319339550166058,-0.0048342581916521,0.1478839929621797,0.014140681653372,0.0,0.003952139231327,0.003952139231327,0.0,0.2498274672187715,0.0086763518966908,3.623489573648144
images/glam_noche/81f77879d36411f01eaeee68632f2b28.jpg,81f77879d36411f01eaeee68632f2b28.jpg,glam_noche,desconocido,0.0859055318764938,0.5367789249700564,0.4105981830793971,0.2537915880620082,0.5367789249700564,0.0504411035137292,0.4904004845181315,0.51124687712923,0.1817425083102367,-0.0463784404519249,0.1006486940498329,0.1458564561331873,0.4379441078757084,0.5643306624975571,0.2315838057119372,-0.098834817094348,0.15373247941816,0.1043189368770764,0.4379441078757084,0.0599509242566935,0.15373247941816,0.0942733358307409,0.4732167152575316,0.5550597381809868,0.2237277184238517,0.1444615551015896,-0.0635622097125248,0.4732167152575316,-0.0695918224195992,0.3040601629647166,0.0147314293655757,6.948787436592315e-05,0.0073657146827878,0.0073657146827878,0.0,0.1803986710963455,0.2204633204633204,1.6687483780114978
images/glam_noche/99c80e329261431060f30d7f14fbb084.jpg,99c80e329261431060f30d7f14fbb084.jpg,glam_noche,desconocido,0.0777024291719458,0.4219411227083862,0.5608713572907946,0.308714230292775,0.4219411227083862,0.0520564265833683,0.5098970412537774,0.717838569119404,0.1302369798128394,0.0879559185453912,0.1569672118286094,0.1087004093401642,0.4642706544983584,0.5717689226228125,0.2296746320938937,0.0423295317899722,0.0108975653320179,0.1758832565284178,0.4642706544983584,0.0309979801682184,0.0108975653320179,0.0634442392022586,0.4817362428842505,0.7224725911870125,0.1888897534321068,0.1616012338962178,0.0597951201758643,0.4817362428842505,0.0633601901704092,0.1147988131597061,0.0525810324129651,0.0,0.0272108843537414,0.0272108843537414,0.0,0.1436251920122888,0.0165770609318996,2.110665902887801
images/glam_noche/a29a78e453b711468acb9442023e17de.jpg,a29a78e453b711468acb9442023e17de.jpg,glam_noche,desconocido,0.0797080555054964,0.2940205480622938,0.7394122775526951,0.2203678086014436,0.2940205480622938,0.0472495640093405,0.3683703934248596,0.7722274094823114,0.1230070860762265,0.0743498453625658,0.0328151319296162,0.1068602021814312,0.2740760192966075,0.637718837535014,0.2751488408065358,-0.0199445287656862,-0.1016934400176811,0.1560019841269841,0.2740760192966075,0.0271521466759347,-0.1016934400176811,0.0543386780816948,0.3473703420762244,0.800151090739326,0.1180823954933336,0.0607388131866308,0.0533497940139306,0.3473703420762244,0.0359183702036034,0.1059363051937528,0.0151819720694033,0.0,0.0031739314430808,0.0031739314430808,0.0,0.171875,0.0132275132275132,2.2542483987810957
images/glam_noche/b547e8a0615f2142198dc68e30c47b1e.jpg,b547e8a0615f2142198dc68e30c47b1e.jpg,glam_noche,desconocido,0.2012787159786763,0.3149964104634989,0.7618125663690343,0.2161625280004679,0.3149964104634989,0.1137546374489339,0.3820590768607185,0.811942037797031,0.1358341348397855,0.0670626663972195,0.0501294714279967,0.1275801712254226,0.3077667430608607,0.6982174688057041,0.2867468191702687,-0.0072296674026381,-0.0635950975633301,0.148538961038961,0.3077667430608607,-0.0736985447532537,-0.0635950975633301,0.1508036016590485,0.3186358065953654,0.8210440805109922,0.1481433620234078,0.0592315141419579,0.0036393961318664,0.3186358065953654,0.0211574650421492,0.1759585250775861,0.0405092592592592,0.0,0.0191550925925925,0.0191550925925925,0.0,0.1406926406926407,0.0122739018087855,1.8834414465333744
images/glam_noche/cdd2357aa3fd018c1235b9d421a05a23.jpg,cdd2357aa3fd018c1235b9d421a05a23.jpg,glam_noche,desconocido,0.1043081456991112,0.5014455064280225,0.4926985607100612,0.1767095965505664,0.5014455064280225,0.0714206496999793,0.5443450980392156,0.5002120551924473,0.1654940629667481,0.042899591611193,0.007513494482386,0.0638863626521155,0.4396666160004053,0.567484420124639,0.2059773299709356,-0.0617788904276171,0.0747858594145777,0.0679586563307493,0.4396666160004053,-0.0404217830469956,0.0747858594145777,0.0589214456732413,0.4989595838335333,0.5900742519229915,0.124107054607926,0.0973756912129302,-0.0024859225944892,0.4989595838335333,-0.0071217404703044,0.2210351399240355,0.0488172043010752,0.0055913978494623,0.0309139784946236,0.0309139784946236,0.0,0.1348837209302325,0.2565925925925926,1.5720403309636126
images/glam_noche/d8971f01d4f37f34c39f072c4a0279fa.jpg,d8971f01d4f37f34c39f072c4a0279fa.jpg,glam_noche,desconocido,0.1357067980248655,0.3697100734021136,0.6933598635885303,0.2454558961657713,0.3697100734021136,0.0700372684827385,0.4365668621423096,0.7706579865147641,0.1940319901121363,0.066856788740196,0.0772981229262338,0.103413323175893,0.3530154486036839,0.7462923351158646,0.2615483777169192,-0.0166946247984297,0.0529324715273342,0.1428030303030303,0.3530154486036839,-0.0322934748489724,0.0529324715273342,0.1006763116346854,0.3747921994884911,0.7652786658141517,0.2521835918547188,0.0719188022256214,0.0050821260863774,0.3747921994884911,0.0184147633427146,0.081153854317667,0.0254305488491871,8.047642040882022e-05,0.0068404957347497,0.0068404957347497,0.0,0.0897727272727272,0.0641194554238032,1.1468694588610893
images/glam_noche/e0332b571066e0179ca6d057ee780be5.jpg,e0332b571066e0179ca6d057ee780be5.jpg,glam_noche,desconocido,0.0844724007913838,0.3470259578535397,0.7045282267912547,0.1608126697215589,0.3470259578535397,0.0482198036068746,0.4401504191420158,0.7134053621448581,0.1361614149716088,0.0931244612884761,0.0088771353536033,0.1282080240128095,0.4057149903986751,0.7205098391557881,0.2076420675884799,0.0586890325451354,0.0159816123645334,0.0860287511230907,0.4057149903986751,0.0437356232214257,0.0159816123645334,0.0751976676740849,0.3996211599393856,0.7345632241967824,0.1712752649430001,0.0300349974055277,0.0525952020858458,0.3996211599393856,0.0681362319731525,0.0564944495358072,0.0280545112781954,0.0,0.0106203007518797,0.0106203007518797,0.0,0.0750224618149146,0.0298273155416012,2.658059757926402
images/glam_noche/f02f99980fa496343c16e118f5f22c08.jpg,f02f99980fa496343c16e118f5f22c08.jpg,glam_noche,desconocido,0.1288671963944676,0.4538415035137231,0.6718728159033203,0.2709600039451445,0.4538415035137231,0.1691340043546466,0.552271336879543,0.7920718366669778,0.1777692459915953,0.0984298333658199,0.1201990207636575,0.1090569729423577,0.4406451612903226,0.6829258154874853,0.2636647791652116,-0.0131963422234004,0.011052999584165,0.1608294930875576,0.4406451612903226,-0.0198102234521099,0.011052999584165,0.0827221120922688,0.5011179633143581,0.8078636938646426,0.1696093043385602,0.1359908779613223,0.0472764598006349,0.5011179633143581,0.0441699836476848,0.121354129467752,0.0350140056022409,0.0166199813258636,0.0222222222222222,0.0222222222222222,0.0,0.1294930875576037,0.061872025383395,1.4082178458144523
images/glam_noche/148ac182eb31b413450ee044530d1275.jpg,148ac182eb31b413450ee044530d1275.jpg,glam_noche,desconocido,0.0810728693326685,0.4890451616752177,0.4926423358390008,0.2431162776653517,0.4890451616752177,0.0483540890751086,0.5077273965141613,0.6196844362745098,0.130060333256071,0.0186822348389436,0.1270421004355089,0.1136522346368715,0.4178841328197946,0.6020264355742297,0.1871005482829179,-0.071161028855423,0.1093840997352288,0.0732886904761904,0.4178841328197946,0.0325793653042029,0.1093840997352288,0.0549639199255121,0.4597490298202615,0.6277816074346405,0.1348110174108554,0.1351392715956396,-0.0292961318549562,0.4597490298202615,-0.0272583086238119,0.210279813322039,0.0233307453416149,0.0007763975155279,0.0075310559006211,0.0075310559006211,0.0,0.1019345238095238,0.0627170138888889,1.9373129697469205
images/glam_noche/1d9476c0ae004a1a7d4632e56543299c.jpg,1d9476c0ae004a1a7d4632e56543299c.jpg,glam_noche,desconocido,0.1128149138670081,0.4358548156995454,0.5367146207695626,0.2270177244352071,0.4358548156995454,0.0620074487895716,0.4825246187363834,0.6398884531590414,0.1539901856032281,0.046669803036838,0.1031738323894788,0.0881865062311989,0.4843054298642534,0.5040701357466063,0.2334349154441397,0.0484506141647079,-0.0326444850229562,0.0848076923076923,0.4843054298642534,-0.0246284076358091,-0.0326444850229562,0.1372355679702048,0.4298071895424836,0.5984830065359478,0.1809503806741974,0.0617683857663852,-0.0060476261570618,0.4298071895424836,0.0296909303481613,0.1484511481115126,0.0508258198356339,0.0006782095268491,0.0166360807468283,0.0166360807468283,0.0,0.2288461538461538,0.0971111111111111,3.3144221693648555
images/glam_noche/1dc7907c332efa931403048eed367946.jpg,1dc7907c332efa931403048eed367946.jpg,glam_noche,desconocido,0.1755723549683724,0.3612771182209106,0.6239909152562584,0.2432449837472978,0.3612771182209106,0.0923264380744207,0.4056142114965644,0.7648908502939005,0.1659201460812377,0.0443370932756538,0.1408999350376421,0.0938226469979674,0.4022016104916913,0.7501543209876543,0.2128304055927975,0.0409244922707807,0.1261634057313959,0.0514705882352941,0.4022016104916913,-0.0817497079704049,0.1261634057313959,0.1961030343817315,0.3863622565620346,0.6206683931434209,0.2573029023038753,-0.0033225221128374,0.025085138341124,0.3863622565620346,0.0367822412958529,0.1093122500827036,0.0034860270815326,0.0,0.0010947853644482,0.0010947853644482,0.0,0.0393518518518518,0.0297562519784742,2.6162956204823096
images/glam_noche/2f81921a16101f773045301589cc3f0c.jpg,2f81921a16101f773045301589cc3f0c.jpg,glam_noche,desconocido,0.0723387299896361,0.4111725577148819,0.7721293277103894,0.1829714710682057,0.4111725577148819,0.0476708738533692,0.4389736141370128,0.904893730331639,0.0636591497126315,0.0278010564221309,0.1327644026212495,0.1153274070950891,0.3955160932297447,0.6534591194968553,0.2868302680281612,-0.0156564644851372,-0.1186702082135341,0.1285115303983228,0.3955160932297447,0.042988677105453,-0.1186702082135341,0.0875905234843782,0.4086964415395788,0.8083478576615831,0.2051049787759861,0.0362185299511936,-0.0024761161753031,0.4086964415395788,0.0032228252538968,0.1366130453592799,0.0112304250559284,4.47427293064877e-05,0.0041610738255033,0.0041610738255033,0.0,0.1507337526205451,0.0,4.573122571925437
images/glam_noche/2fe06a1fe1b3e72430216ea67966da4e.jpg,2fe06a1fe1b3e72430216ea67966da4e.jpg,glam_noche,desconocido,0.0784548433025989,0.3975374504856121,0.671208456664542,0.2085243998032314,0.3975374504856121,0.0536282138260478,0.4267072346179852,0.7777924763108642,0.0954919351799798,0.029169784132373,0.1065840196463222,0.1669119220254368,0.3633249895702962,0.6439290780141843,0.247235908634905,-0.0342124609153159,-0.0272793786503576,0.1495744680851063,0.3633249895702962,0.0884570787228379,-0.0272793786503576,0.0582139098048741,0.4216852873872661,0.7601254842135176,0.1224599097589798,0.0889170275489755,0.0241478369016539,0.4216852873872661,0.006368386706237,0.0527360617418032,0.0121753246753246,0.0,0.0031565656565656,0.0031565656565656,0.0,0.1314893617021276,0.0049975012493753,3.774328299707991
images/glam_noche/6c59da346458376b7c4e0518ffb8c0c8.jpg,6c59da346458376b7c4e0518ffb8c0c8.jpg,glam_noche,desconocido,0.0585762486863211,0.5082473737569836,0.6122012985612286,0.2120135158598224,0.5082473737569836,0.047117732257397,0.5282033405954975,0.7033522149600581,0.1601513318715951,0.0199559668385138,0.0911509163988294,0.0561461381573113,0.5150077808901339,0.5535063803299098,0.2484768593016027,0.0067604071331502,-0.0586949182313187,0.1803174603174603,0.5150077808901339,-0.0024301105290098,-0.0586949182313187,0.0492675356921167,0.472082788671024,0.7105795206971678,0.1662418677395268,0.0983782221359391,-0.0361645850859596,0.472082788671024,-0.0031494037047651,0.1630995868342916,0.0500669344042838,0.0046854082998661,0.0243641231593038,0.0243641231593038,0.0,0.1974603174603174,0.0585185185185185,3.804354877877553
images/glam_noche/bfb205575a58ba070ae772cd8816304a.jpg,bfb205575a58ba070ae772cd8816304a.jpg,glam_noche,desconocido,0.0812755841811302,0.3514997866938952,0.5779327258188973,0.2162615916180699,0.3514997866938952,0.0559173184357541,0.410401568627451,0.6638321568627451,0.135924621225466,0.0589017819335557,0.0858994310438477,0.1072881355932203,0.3930860751080093,0.6468866733133932,0.1737373325961567,0.0415862884141141,0.0689539474944959,0.0689830508474576,0.3930860751080093,0.0260125514120901,0.0689539474944959,0.0427257566914033,0.3753204565408252,0.6813397717295874,0.1317459239887261,0.10340704591069,0.0238206698469299,0.3753204565408252,0.0414362467315332,0.0729594419293841,0.0188658826924464,0.0,0.005410865016954,0.005410865016954,0.0,0.0771186440677966,0.0644,2.5333602242954227
images/glam_noche/ca213800c8df95d0d4bafab5462b7db8.jpg,ca213800c8df95d0d4bafab5462b7db8.jpg,glam_noche,desconocido,0.145140603218761,0.3814941484586249,0.6382373659298453,0.2586190482377561,0.3814941484586249,0.0718208152286364,0.4217015250544662,0.7129302832244009,0.1387933795234264,0.0402073765958412,0.0746929172945556,0.0904682497097988,0.3848245387294906,0.732807749590734,0.238428383728399,0.0033303902708656,0.0945703836608887,0.0721908349026993,0.3848245387294906,-0.0546723535089622,0.0945703836608887,0.0745905790723601,0.4066129049740405,0.7420408849001182,0.1818327781083635,0.1038035189702729,0.0251187565154156,0.4066129049740405,0.0228855077940408,0.082318595708877,0.0260032421345155,9.92490157805935e-05,0.0111820557779468,0.0111820557779468,0.0,0.0947897049591964,0.0283333333333333,3.82621429122788
images/tematico/0755b9c1b1d1640635e13514e670efcf.jpg,0755b9c1b1d1640635e13514e670efcf.jpg,tematico,desconocido,0.2015133412982875,0.4756936147617152,0.6042707772077369,0.1880172262368953,0.4756936147617152,0.2493800245265022,0.4661480418725756,0.6953961421967161,0.1512860226151514,-0.0095455728891395,0.0911253649889791,0.2072826841596428,0.4485791715060007,0.5242312860103391,0.1993646000482866,-0.0271144432557144,-0.0800394911973978,0.2689895470383275,0.4485791715060007,0.0057693428613553,-0.0800394911973978,0.2129967752191488,0.4941224294595887,0.703739837398374,0.1567811982573576,0.099469060190637,0.0184288146978734,0.4941224294595887,-0.0060770671489935,0.1875787982382091,0.0091970802919708,0.0004379562043795,0.0012165450121654,0.0012165450121654,0.0,0.1444831591173054,0.0482384823848238,3.68707951547812
images/tematico/221ff447118787f848f06fe6d63a6370.jpg,221ff447118787f848f06fe6d63a6370.jpg,tematico,desconocido,0.1003949707190161,0.4988509709295645,0.5204006731958554,0.2381194213764218,0.4988509709295645,0.1948013656114214,0.5132657952069717,0.7031808278867102,0.2148120881715882,0.0144148242774071,0.1827801546908548,0.0900425645118382,0.4843977591036414,0.6452268907563026,0.1920394605597808,-0.014453211825923,0.1248262175604472,0.1242857142857142,0.4843977591036414,-0.0103524062071779,0.1248262175604472,0.1188643806588326,0.4803887762001352,0.6909702501690331,0.2109642860227361,0.1705695769731777,-0.0184621947294293,0.4803887762001352,-0.006166860759315,0.1996908893759838,0.0699855699855699,0.0732838589981447,0.030921459492888,0.030921459492888,0.0,0.0609523809523809,0.1138888888888888,2.286152900949271
images/tematico/36ac096a4cecc4e020948c6c425616ce.jpg,36ac096a4cecc4e020948c6c425616ce.jpg,tematico,desconocido,0.3168790228446602,0.3372874677859661,0.4515613503962176,0.3004966622797437,0.3372874677859661,0.1583855888724204,0.406437241563292,0.6388982259570495,0.2459786419709133,0.0691497737773259,0.1873368755608319,0.1271413912731892,0.3376436288801234,0.6324952838278168,0.2411679314207773,0.0003561610941573,0.1809339334315992,0.1457725947521866,0.3376436288801234,-0.1897376315714709,0.1809339334315992,0.1517443849047999,0.3376760704281712,0.6800010004001602,0.252226291535631,0.2284396500039426,0.000388602642205,0.3376760704281712,0.0232981791712294,0.3169996183792652,0.0736169684941701,0.0133961796080377,0.0274125527164475,0.0274125527164475,0.0,0.149271137026239,0.1721088435374149,2.1108105695437187
images/tematico/3f6afc13df35ad52b4e691bc7876cb17.jpg,3f6afc13df35ad52b4e691bc7876cb17.jpg,tematico,desconocido,0.1913863730392749,0.3392197642236206,0.6893464465992565,0.2424081445133497,0.3392197642236206,0.0462963933464001,0.4165667267532404,0.807657972507327,0.2276838696891107,0.0773469625296198,0.1183115259080704,0.5342205265628075,0.331527711355545,0.7059089218343164,0.2536364850596285,-0.0076920528680756,0.0165624752350599,0.1501355013550135,0.331527711355545,0.3428341535235326,0.0165624752350599,0.1321640445669605,0.3642598315123422,0.819454254497296,0.1767737288850928,0.1301078078980395,0.0250400672887216,0.3642598315123422,0.0315649923167552,0.1280586112021073,0.074998607009528,5.571961887780688e-05,0.0314815846659608,0.0314815846659608,0.0,0.1046070460704607,0.1325828642901813,2.7244948541460285
images/tematico/47f5267ee47f70451dd40d2ba7f0f169.jpg,47f5267ee47f70451dd40d2ba7f0f169.jpg,tematico,desconocido,0.0547822730536978,0.529617770822188,0.7317475653217714,0.2387214109840608,0.529617770822188,0.059181414488677,0.4348132912838794,0.8814077425842133,0.1297290289512216,-0.0948044795383085,0.1496601772624418,0.1163887783869796,0.456383172464032,0.7206990226431129,0.2369343507840304,-0.0732345983581559,-0.0110485426786585,0.2565789473684211,0.456383172464032,0.0616065053332817,-0.0110485426786585,0.0653310304243823,0.4608084547088329,0.8807100131434242,0.1401664953906008,0.1489624478216528,-0.068809316113355,0.4608084547088329,-0.0789494646699398,0.1979312689914899,0.0047949735449735,0.0016534391534391,0.0008267195767195,0.0008267195767195,0.0,0.0870743034055727,0.0149184149184149,4.115294198390335
images/tematico/500e45d333426fafb378eabb3bf819bd.jpg,500e45d333426fafb378eabb3bf819bd.jpg,tematico,desconocido,0.1325740666583513,0.3349629040805511,0.541695467846363,0.1970577703937512,0.3349629040805511,0.106103684490556,0.4622296140678494,0.6102046374105197,0.1491379366233277,0.1272667099872982,0.0685091695641566,0.2204327669149596,0.3219754221132897,0.5581699346405229,0.1563358781897067,-0.0129874819672614,0.0164744667941598,0.1345486111111111,0.3219754221132897,0.0878587002566083,0.0164744667941598,0.0442541558795476,0.4278828909612626,0.6450307867049259,0.1297146404901077,0.1033353188585628,0.0929199868807115,0.4278828909612626,0.0690664049669161,0.1259821406266487,0.0669482386772106,0.001527677929547,0.0358554996405463,0.0358554996405463,0.0,0.0707465277777777,0.123015873015873,2.1977160543388106
images/tematico/55da3085a480c52fe0220261f690c48b.jpg,55da3085a480c52fe0220261f690c48b.jpg,tematico,desconocido,0.1458576021148689,0.410638053098489,0.7784961331094506,0.1895817950305942,0.410638053098489,0.0433872364096967,0.4210449014770743,0.9210303901780492,0.0447197805933559,0.0104068483785852,0.1425342570685985,0.3464066617476546,0.4258586755456899,0.8587332593414726,0.1462074870994708,0.0152206224472009,0.0802371262320219,0.0784905660377358,0.4258586755456899,0.2005490596327857,0.0802371262320219,0.2248713252129315,0.4429476052716168,0.8600675024108004,0.1430528294687544,0.0815713693013497,0.0323095521731278,0.4429476052716168,0.019312340999638,0.1610670838696554,0.037387676508344,0.0091463414634146,0.0327743902439024,0.0327743902439024,0.0,0.0164150943396226,0.0,4.652806154080374
images/tematico/66a264583d861059ce05cd82c3a97f94.jpg,66a264583d861059ce05cd82c3a97f94.jpg,tematico,desconocido,0.6117385576317186,0.490109847909608,0.380562174126305,0.239975356620518,0.490109847909608,0.8617276189896818,0.5390045431360687,0.5050140564392727,0.2018047612426813,0.0488946952264606,0.1244518823129676,0.627498544257456,0.4538608632307412,0.526275319209211,0.2051887928552219,-0.0362489846788668,0.1457131450829059,0.1137770897832817,0.4538608632307412,0.0157599866257374,0.1457131450829059,0.6823817031501891,0.5065300167253834,0.5708586883029075,0.1432677303802514,0.1902965141766024,0.0164201688157754,0.5065300167253834,0.0096886264544564,0.6210540848571017,0.103339668748303,0.0,0.0563670920445289,0.0563670920445289,0.0,0.1736326109391124,0.3272837265577737,1.6677134311835002
images/tematico/6ae20bb76346bf2483a1ab51d9b921a6.jpg,6ae20bb76346bf2483a1ab51d9b921a6.jpg,tematico,desconocido,0.3444648434025685,0.4783377213907492,0.7063441297215792,0.1950271541665977,0.4783377213907492,0.2216940213053888,0.5835606706450697,0.7977448950594732,0.1254957816234647,0.1052229492543204,0.0914007653378939,0.4575593575418994,0.4158000700280111,0.4760434173669468,0.2958930938716973,-0.062537651362738,-0.2303007123546324,0.190625,0.4158000700280111,0.1130945141393308,-0.2303007123546324,0.308177615103063,0.5662477584737043,0.7859188053032308,0.163989820480266,0.0795746755816515,0.0879100370829551,0.5662477584737043,0.0435317783248458,0.3081820597469103,0.1715604801477377,0.1084949215143121,0.0736842105263157,0.0736842105263157,0.0,0.4178571428571428,0.0181159420289855,2.360149340848721
images/tematico/768ecee616e44961cc9946be8d7184a6.jpg,768ecee616e44961cc9946be8d7184a6.jpg,tematico,desconocido,0.2458282956724756,0.2771071115013169,0.6634273485513609,0.2656263344507097,0.2771071115013169,0.2567631623497545,0.3371954842543078,0.8075222816399288,0.2137367510167028,0.0600883727529908,0.1440949330885679,0.0806968538665098,0.3490092879256966,0.6960835913312693,0.2412816604104466,0.0719021764243796,0.0326562427799084,0.2407894736842105,0.3490092879256966,-0.1651314418059657,0.0326562427799084,0.1496317927882173,0.3326559714795009,0.7701693404634581,0.2575067771802987,0.1067419919120972,0.0555488599781839,0.3326559714795009,0.0625131363851848,0.1908120972105507,0.1523569023569023,0.0,0.0650953984287317,0.0650953984287317,0.0,0.1013157894736842,0.0696969696969697,2.7981206283283444
images/tematico/8c356f795420ab5d7ae94f3a66805a5e.jpg,8c356f795420ab5d7ae94f3a66805a5e.jpg,tematico,desconocido,0.1700811279373096,0.4017742056739042,0.7115093277929273,0.1953655635333178,0.4017742056739042,0.0871260086902545,0.5442408397702515,0.7283216478510596,0.1180521118456647,0.1424666340963472,0.0168123200581322,0.0794723517552364,0.3754186247501755,0.7036177280829687,0.1970510980972466,-0.0263555809237287,-0.0078915997099585,0.1532369146005509,0.3754186247501755,-0.0906087761820732,-0.0078915997099585,0.1003434111074597,0.4547047289504037,0.7861153402537486,0.1236272913483448,0.0746060124608213,0.0529305232764994,0.4547047289504037,0.0563471921497059,0.1283752232633138,0.0333190333190333,0.0223795223795223,0.0145145145145145,0.0145145145145145,0.0,0.0568181818181818,0.0181818181818181,0.1136817226924874
images/tematico/99a1fc494063e87640349f866ca00c69.jpg,99a1fc494063e87640349f866ca00c69.jpg,tematico,desconocido,0.3699811973946171,0.2526283464785328,0.7143479802752666,0.1603945548961147,0.2526283464785328,0.5104693692403189,0.3925349421820009,0.8103851181498241,0.1112655007124142,0.1399065957034681,0.0960371378745574,0.4975387740750869,0.2393002422414187,0.6598736231089173,0.2137214742823794,-0.013328104237114,-0.0544743571663492,0.2526223776223776,0.2393002422414187,0.1275575766804698,-0.0544743571663492,0.505479270802705,0.3134355005159958,0.7990743034055728,0.1263087861995886,0.0847263231303062,0.060807154037463,0.3134355005159958,0.0624618818346056,0.3218860361452776,0.1097575981296911,0.0305770887166236,0.0584471514704072,0.0584471514704072,0.0,0.0815850815850815,0.0054700854700854,1.6538732237843798
images/tematico/0e45276de189ee984e40803264cc7cf5.jpg,0e45276de189ee984e40803264cc7cf5.jpg,tematico,desconocido,0.0589822072935395,0.6839688118302594,0.557029898631271,0.1994630329582457,0.6839688118302594,0.0492603192949946,0.5198015604709316,0.55986455885036,0.1150170742396605,-0.1641672513593277,0.002834660219089,0.0693029928834148,0.623177297452978,0.5938928141737623,0.1773789615916917,-0.0607915143772813,0.0368629155424913,0.2051646529258469,0.623177297452978,0.0103207855898752,0.0368629155424913,0.0539508698185937,0.5940654854317093,0.6009877851433828,0.1809761290850459,0.0439578865121118,-0.08990332639855,0.5940654854317093,-0.1049540307117197,0.3468429021616984,0.0365917148027865,0.2482088405186305,0.0199816545603292,0.0199816545603292,0.0,0.052594171997157,0.045703338806787,4.001091581105426
images/tematico/10e2a96a905b6348aa85200ad1894824.jpg,10e2a96a905b6348aa85200ad1894824.jpg,tematico,desconocido,0.0973591817333427,0.3748512177910482,0.6517566294252255,0.2126016164842239,0.3748512177910482,0.176041533583433,0.4022447787153669,0.5648118706942237,0.2994372596681952,0.0273935609243187,-0.0869447587310018,0.1142886363345819,0.4193038542648181,0.5612991878673667,0.2663579357533644,0.0444526364737699,-0.0904574415578588,0.2045194508009153,0.4193038542648181,0.0169294546012391,-0.0904574415578588,0.0989259380725126,0.416619036278479,0.7341738112248948,0.1692235480193915,0.0824171817996692,0.0417678184874308,0.416619036278479,0.0378713386285064,0.0370026160933758,0.0421355338834708,0.0014378594648662,0.0076269067266816,0.0076269067266816,0.0,0.2062356979405034,0.305959805959806,2.9529699325588648
images/tematico/188e90a84ae140e74b397fc95637fbd2.jpg,188e90a84ae140e74b397fc95637fbd2.jpg,tematico,desconocido,0.2777248775958997,0.4956524518826725,0.7683500641908092,0.2636480660255177,0.4956524518826725,0.2263960206196951,0.466570124905308,0.8834325176611525,0.107323686990321,-0.0290823269773645,0.1150824534703433,0.137580458148162,0.414396190612581,0.8372501282923394,0.1980709981480211,-0.0812562612700915,0.0689000641015301,0.0890139987827145,0.414396190612581,-0.1401444194477377,0.0689000641015301,0.165425036781244,0.4046291809309426,0.9067145008415272,0.1016196760102079,0.138364436650718,-0.0910232709517299,0.4046291809309426,-0.0671206197330619,0.2799482080771985,0.0655174627632254,0.1370698510529019,0.0317475603492552,0.0317475603492552,0.0,0.0482349360925137,0.0043126684636118,2.245769710992149
images/tematico/1b42442a493fe7e86d00a4c57d319ac9.jpg,1b42442a493fe7e86d00a4c57d319ac9.jpg,tematico,desconocido,0.3025501813712977,0.5160061261486528,0.5366777104040341,0.2002477327164572,0.5160061261486528,0.2788994818233341,0.5836388178459789,0.4668940039784029,0.1991048162418534,0.0676326916973261,-0.0697837064256312,0.2581760297026267,0.59769820971867,0.6268846669102424,0.2260192767735019,0.0816920835700172,0.0902069565062082,0.2189440993788819,0.59769820971867,-0.0443741516686709,0.0902069565062082,0.2639285280544086,0.602741368286445,0.5313805413469735,0.2205186968608107,-0.0052971690570605,0.0867352421377921,0.602741368286445,0.0786866724683785,0.3073752789246036,0.1582196231319038,0.1336907082521117,0.0716374269005847,0.0716374269005847,0.0,0.1211180124223602,0.3786231884057971,2.4388070125074868
images/tematico/33db1721c5ce02ccc9a1699786868471.jpg,33db1721c5ce02ccc9a1699786868471.jpg,tematico,desconocido,0.1833854114313082,0.4920606441364191,0.5774825816018699,0.2150819326804692,0.4920606441364191,0.0853101876762737,0.5543886332813668,0.6214640607374171,0.1336046567321206,0.0623279891449476,0.0439814791355471,0.179735557738351,0.5665864037922862,0.5722823744882568,0.2227996520500673,0.074525759655867,-0.0052002071136131,0.1741758241758241,0.5665864037922862,-0.0036498536929572,-0.0052002071136131,0.0816696658788139,0.5660888009049773,0.6615907805429865,0.1420260498046533,0.0841081989411165,0.0740281567685581,0.5660888009049773,0.0702939685231242,0.1956942873694345,0.1275471477783616,0.0905295731885327,0.0612775150347404,0.0612775150347404,0.0,0.1692307692307692,0.0709437621202327,2.878680216574807
images/tematico/3b4417468904dc1e68f3287373a20165.jpg,3b4417468904dc1e68f3287373a20165.jpg,tematico,desconocido,0.5429926160408298,0.353346044300073,0.5545559400230681,0.2258807598979851,0.353346044300073,0.8956867889534751,0.3154507687015426,0.5509989150856024,0.1768758769074997,-0.0378952755985303,-0.0035570249374656,0.7141486519310177,0.264083546462063,0.6140920716112532,0.1741159555030601,-0.0892624978380099,0.0595361315881851,0.2695652173913043,0.264083546462063,0.1711560358901879,0.0595361315881851,0.8266652342071336,0.1964441930618401,0.6275037707390648,0.1605560593118231,0.0729478307159967,-0.1569018512382328,0.1964441930618401,-0.0946865415582577,0.4825378528431589,0.0913461538461538,0.0564903846153846,0.0463942307692307,0.0463942307692307,0.0,0.0739130434782608,0.2618083670715249,2.094256249606641
images/tematico/3e8bd28a979d0e883dccfeffb480b717.jpg,3e8bd28a979d0e883dccfeffb480b717.jpg,tematico,desconocido,0.3339082807007308,0.273892899196232,0.6646015716991758,0.20944258505042,0.273892899196232,0.3901831160769708,0.2659498910675381,0.6526470588235292,0.1305290736923644,-0.0079430081286939,-0.0119545128756465,0.4181834564786448,0.2671925544411312,0.5754929068401555,0.2265584186434607,-0.0067003447551007,-0.0891086648590202,0.2396313364055299,0.2671925544411312,0.0842751757779139,-0.0891086648590202,0.3360853306902144,0.211263440860215,0.7209503478810878,0.1573378982099221,0.056348776181912,-0.062629458336017,0.211263440860215,-0.0257576037399372,0.2750510449194054,0.1175480293127352,0.0184194890077243,0.0376312141018023,0.0376312141018023,0.0,0.1345622119815668,0.0322222222222222,2.4188357734419736
images/tematico/3f65e23ba7be29ad5a1419f6c0afc787.jpg,3f65e23ba7be29ad5a1419f6c0afc787.jpg,tematico,desconocido,0.0871124582715573,0.5765928455046002,0.5510068441842216,0.2787941380925666,0.5765928455046002,0.1073599119688505,0.5208125371360666,0.6371212121212121,0.2531672879634508,-0.0557803083685336,0.0861143679369904,0.2067756751385607,0.4348730269446382,0.6335865044304941,0.2843794724130552,-0.141719818559962,0.0825796602462725,0.181159420289855,0.4348730269446382,0.1196632168670033,0.0825796602462725,0.116967626752398,0.5329807158712542,0.6535273307436182,0.2783468668415526,0.1025204865593966,-0.043612129633346,0.5329807158712542,-0.0803707521872805,0.2478644766002873,0.0207629164654756,0.0020004138787335,0.0064151203697316,0.0064151203697316,0.0,0.1640316205533596,0.1950757575757575,1.586313279149614
images/tematico/4aa1f2fa3f0a0e9ca6c129a7f8d6a763.jpg,4aa1f2fa3f0a0e9ca6c129a7f8d6a763.jpg,tematico,desconocido,0.2233236314933711,0.6067191615452151,0.670961369622476,0.1567673082141099,0.6067191615452151,0.0881980501697885,0.7349680891964628,0.7356478277585544,0.1002394177297414,0.1282489276512477,0.0646864581360784,0.163102507470443,0.63218813106638,0.6729958960328317,0.1459132574988622,0.0254689695211649,0.0020345264103557,0.127906976744186,0.63218813106638,-0.0602211240229281,0.0020345264103557,0.0526920265312829,0.7241284749193796,0.7371525080620484,0.1196859921436403,0.0661911384395723,0.1174093133741644,0.7241284749193796,0.090375736848859,0.29975363700086,0.1493350311262026,0.1822297679683078,0.0765421618562535,0.0765421618562535,0.0,0.0146179401993355,0.0007843137254901,2.2202375360693773
images/tematico/4aa4350eb6db8133a02938aaef178b7a.jpg,4aa4350eb6db8133a02938aaef178b7a.jpg,tematico,desconocido,0.5779260758087699,0.4739234459316421,0.4507838743564241,0.2624124375185107,0.4739234459316421,0.6092604866963355,0.4510601528747092,0.5692549019607843,0.1607502412649135,-0.0228632930569329,0.1184710276043602,0.5762234636871508,0.3892145658263305,0.4734028011204482,0.1786254874390727,-0.0847088801053116,0.0226189267640241,0.1885714285714285,0.3892145658263305,-0.001702612121619,0.0226189267640241,0.5751312849162009,0.4819705882352941,0.6111941176470589,0.1820775626686992,0.1604102432906348,0.0080471423036519,0.4819705882352941,-0.0331750102861975,0.5594935063559772,0.0158593557905089,0.0003688222276862,0.0043029259896729,0.0043029259896729,0.0,0.1862857142857142,0.16,3.1705287668140363
images/tematico/58a419769ea4db7ad8abafa0c410a094.jpg,58a419769ea4db7ad8abafa0c410a094.jpg,tematico,desconocido,0.3726112466812835,0.2943228555280205,0.2534060837934582,0.2034785714116464,0.2943228555280205,0.2045010000689702,0.4534359719196321,0.3154596949891067,0.1838748255258538,0.1591131163916115,0.0620536111956485,0.3356487825445346,0.2713454186706129,0.3530842274016525,0.2362113065554598,-0.0229774368574075,0.0996781436081943,0.1656184486373165,0.2713454186706129,-0.0369624641367488,0.0996781436081943,0.1931346989447548,0.4035439360929557,0.3393928830791576,0.2186065914529799,0.0859867992856994,0.1092210805649351,0.4035439360929557,0.081785586699713,0.5019564178358473,0.1697986577181208,0.0,0.1030425055928411,0.1030425055928411,0.0,0.4870020964360587,0.6888888888888889,1.526030737267458
images/tematico/61bb4c7b749bbc544f18c64d6340eb95.jpg,61bb4c7b749bbc544f18c64d6340eb95.jpg,tematico,desconocido,0.4853073084744518,0.4493666521662075,0.6019868851402517,0.2039689993214557,0.4493666521662075,0.2758869258828866,0.4478876311369931,0.6568801936792514,0.1715672088606292,-0.0014790210292143,0.0548933085389997,0.4343681426436135,0.4707314804479667,0.6163931986456822,0.2306705112652295,0.0213648282817591,0.0144063135054305,0.1902277039848197,0.4707314804479667,-0.0509391658308382,0.0144063135054305,0.245123861541234,0.4658719732723528,0.6892781264697773,0.1746283027868641,0.0872912413295255,0.0165053211061452,0.4658719732723528,0.0121303761195633,0.4297198520356593,0.1095986387748974,0.0,0.037733960564508,0.037733960564508,0.0,0.1333017077798861,0.1028921023359288,2.475804223535445
images/tematico/6bc39c37dc40710f477b500ab51c2203.jpg,6bc39c37dc40710f477b500ab51c2203.jpg,tematico,desconocido,0.3944127725751565,0.4699260473146688,0.2175404565919893,0.1396750230654801,0.4699260473146688,0.44823918890958,0.516641007020092,0.2105640280803679,0.0985398661140476,0.0467149597054231,-0.0069764285116214,0.5240032469082748,0.421155522037875,0.3173856209150327,0.1241795823930559,-0.0487705252767938,0.0998451643230433,0.1361111111111111,0.421155522037875,0.1295904743331182,0.0998451643230433,0.2651890535179337,0.5378743961352657,0.2595233020744529,0.110788591741323,0.0419828454824635,0.0679483488205968,0.5378743961352657,0.0219642610830753,0.5537573119328407,0.0752598570238147,0.0,0.0291215297574667,0.0291215297574667,0.0,0.4188034188034188,0.9679012345679012,1.147007750622221
images/tematico/7bbf23c7a066bcf83c64b88f16d7c956.jpg,7bbf23c7a066bcf83c64b88f16d7c956.jpg,tematico,desconocido,0.1413543931664475,0.4000522655087846,0.6798765966403448,0.2406648811791618,0.4000522655087846,0.1151137910041541,0.4595360419808949,0.7779812405731523,0.162165927511128,0.0594837764721102,0.0981046439328074,0.106913407821229,0.457521105664488,0.7246725217864926,0.1864775337184615,0.0574688401557034,0.0447959251461477,0.1237847222222222,0.457521105664488,-0.0344409853452184,0.0447959251461477,0.0922338961269395,0.4264170793201647,0.8282774966292408,0.0722229912161458,0.1484008999888959,0.0263648138113801,0.4264170793201647,0.0477724768130646,0.0921373416890443,0.0323772590912416,0.002414575254262,0.0121094607448598,0.0121094607448598,0.0,0.0310763888888888,0.0498798076923076,3.855253259204861
images/tematico/809c72132889a78ade3586953cb6ba46.jpg,809c72132889a78ade3586953cb6ba46.jpg,tematico,desconocido,0.1450930053754038,0.625750784661177,0.7492500839674322,0.1988804951153628,0.625750784661177,0.1422759290745688,0.7209021157870262,0.7940207703634813,0.1811291207351615,0.0951513311258492,0.044770686396049,0.1454165654602866,0.6798908780903666,0.7092890025575448,0.2474138418133057,0.0541400934291896,-0.0399610814098874,0.3104347826086956,0.6798908780903666,0.0003235600848827,-0.0399610814098874,0.1228380223296173,0.7263926860099362,0.7898521327571507,0.1769851111855309,0.0406020487897185,0.1006419013487592,0.7263926860099362,0.0833111086345994,0.3025360042459534,0.0787671232876712,0.2043979812545061,0.0236121124729632,0.0236121124729632,0.0,0.0869565217391304,0.0533596837944664,2.89236403569591
images/tematico/820fbbf0ea375227ec0eea8cd97c20f3.jpg,820fbbf0ea375227ec0eea8cd97c20f3.jpg,tematico,desconocido,0.3371446765362502,0.3348627055793766,0.4782631986844676,0.2978252313248504,0.3348627055793766,0.05965762491306,0.4197782216208864,0.7894064672236181,0.1534074866541141,0.0849155160415098,0.3111432685391505,0.1601973445548864,0.4142748008294227,0.6705191167376041,0.2237612609252147,0.0794120952500461,0.1922559180531365,0.2198515769944341,0.4142748008294227,-0.1769473319813637,0.1922559180531365,0.0847435850927471,0.4319805194805195,0.793312324929972,0.1616199182521733,0.3150491262455043,0.0971178139011429,0.4319805194805195,0.0871484750642329,0.3179448769993394,0.1594873859366612,0.0151637144390767,0.0478395061728395,0.0478395061728395,0.0,0.0807050092764378,0.0182548375319459,2.681347499224646
images/tematico/8aa96432db13bf890b2169b4903fd114.jpg,8aa96432db13bf890b2169b4903fd114.jpg,tematico,desconocido,0.1092625733448776,0.329290332920342,0.4570396533338265,0.1861712304339488,0.329290332920342,0.1358698719033914,0.4420895226777579,0.4456466627054862,0.1491718855862701,0.1127991897574159,-0.0113929906283402,0.2252709735949959,0.2132042902631137,0.5412485336014747,0.2001676201905161,-0.1160860426572282,0.0842088802676482,0.1555555555555555,0.2132042902631137,0.1160084002501182,0.0842088802676482,0.142162571583685,0.2948613928329953,0.5400792919048498,0.1670658342654487,0.0830396385710233,-0.0344289400873467,0.2948613928329953,-0.0125719309957196,0.1980003418222858,0.0517693315858453,0.0,0.0358547088560194,0.0358547088560194,0.0,0.1346153846153846,0.3611111111111111,0.2806610289103728
images/tematico/8c857d3ace4794af10b693fa0f83b0db.jpg,8c857d3ace4794af10b693fa0f83b0db.jpg,tematico,desconocido,0.7785405934847275,0.4173510313216195,0.5569614209320092,0.2307978056353221,0.4173510313216195,0.7819473264166,0.2702521008403361,0.789266106442577,0.0879350802199787,-0.1470989304812833,0.2323046855105678,0.7800706874928741,0.4206682673069227,0.5659063625450179,0.1931588628755887,0.0033172359853032,0.0089449416130087,0.2525510204081632,0.4206682673069227,0.0015300940081466,0.0089449416130087,0.7936203112529928,0.3208508403361345,0.7342787114845939,0.1436684299584099,0.1773172905525847,-0.096500190985485,0.3208508403361345,-0.080093961827155,0.7177897402657455,0.03596757852077,0.0010131712259371,0.0162107396149949,0.0162107396149949,0.0,0.1224489795918367,0.0,5.035574282564514
images/tematico/8e10db398580eab65f9ed951f2d0bf98.jpg,8e10db398580eab65f9ed951f2d0bf98.jpg,tematico,desconocido,0.574326025661246,0.4864949645038798,0.5773232720527537,0.2563766100502081,0.4864949645038798,0.7928759012557894,0.6718283894754483,0.6639919557566616,0.1634062430865721,0.1853334249715685,0.0866686837039079,0.60761750147225,0.4283391989274342,0.5643679124071281,0.2655887713297813,-0.0581557655764455,-0.0129553596456255,0.2044159544159544,0.4283391989274342,0.033291475811004,-0.0129553596456255,0.6258785366732744,0.5334014499099888,0.7038461538461538,0.2194316251382337,0.1265228817934001,0.046906485406109,0.5334014499099888,0.0580280482670773,0.5275012059505658,0.1860254083484573,0.0533877797943133,0.1330913490623109,0.1330913490623109,0.0,0.2122507122507122,0.0803418803418803,1.3247514082899836
images/tematico/9b81ee2b0ee547a705d519988a842853.jpg,9b81ee2b0ee547a705d519988a842853.jpg,tematico,desconocido,0.0549582918803091,0.4246299579192408,0.6660807592443371,0.1953968692521773,0.4246299579192408,0.1364338805959943,0.4709746322029423,0.6740862073103415,0.1830989687644815,0.0463446742837015,0.0080054480660044,0.1365568950308733,0.3810030959752321,0.6391744066047472,0.2116023302381005,-0.0436268619440086,-0.0269063526395898,0.1784210526315789,0.3810030959752321,0.0815986031505641,-0.0269063526395898,0.0697975827542982,0.4569749968316042,0.681870439773324,0.1607079385831133,0.0157896805289868,0.0323450389123634,0.4569749968316042,0.0116876170840187,0.0778105032759714,0.0708180708180708,0.009046509046509,0.0381840381840381,0.0381840381840381,0.0,0.0852631578947368,0.0951652386780905,1.6052767879200571
images/tematico/133b8c811a8b09f93f2acf207aac81f3.jpg,133b8c811a8b09f93f2acf207aac81f3.jpg,tematico,desconocido,0.2286598982880631,0.4489613059621344,0.7817020146835356,0.1997968312173202,0.4489613059621344,0.3401575108628181,0.5653585693536674,0.8968300653594773,0.1213547222651815,0.1163972633915328,0.1151280506759416,0.6614214027359977,0.4731468388637506,0.8300606460532932,0.1927091694674034,0.0241855329016161,0.0483586313697576,0.2159455128205128,0.4731468388637506,0.4327615044479345,0.0483586313697576,0.3186074255121043,0.5158496732026144,0.909940767973856,0.1232395575965152,0.1282387532903205,0.0668883672404799,0.5158496732026144,0.0691570545112096,0.2287175639827688,0.1627306426756632,0.0274896913657378,0.0794701986754966,0.0794701986754966,0.0,0.0266426282051282,0.0006944444444444,2.2010044944789477
images/tematico/1bc5e38a283d592993aa29944a65e007.jpg,1bc5e38a283d592993aa29944a65e007.jpg,tematico,desconocido,0.1640554468385855,0.3713588372411902,0.6611380776086658,0.2616554638792406,0.3713588372411902,0.0747406395372403,0.4506171909651612,0.7382474287196739,0.1137726889113759,0.079258353723971,0.077109351111008,0.0858223092859964,0.4903035961859491,0.703454715219421,0.1931176413848505,0.1189447589447589,0.0423166376107552,0.1998556998556998,0.4903035961859491,-0.078233137552589,0.0423166376107552,0.0508947717397438,0.492841404238463,0.7860058922558922,0.095936986276345,0.1248678146472264,0.1214825669972728,0.492841404238463,0.1065618932220009,0.0970911107214161,0.1365947611710323,0.0401386748844376,0.0648690292758089,0.0648690292758089,0.0,0.0696248196248196,0.0285958173282116,3.026594016356539
images/tematico/23cf6bf0db6b27a6919febbcce7c0dc7.jpg,23cf6bf0db6b27a6919febbcce7c0dc7.jpg,tematico,desconocido,0.1843301815515427,0.4220371140130299,0.5138489566399568,0.2364912343774323,0.4220371140130299,0.1969270462189781,0.4669421068873873,0.5948182232723958,0.1246583893904619,0.0449049928743574,0.0809692666324389,0.3437292725121886,0.4640906872745018,0.5411924704602363,0.17795286590739,0.0420535732614719,0.0273435138202795,0.1456548347613219,0.4640906872745018,0.1593990909606458,0.0273435138202795,0.0960793915711416,0.431678417341892,0.6371615980918307,0.1188419256936165,0.1233126414518739,0.009641303328862,0.431678417341892,0.0321999564882304,0.191827638303148,0.0874125874125874,0.0078458127238615,0.0412757973733583,0.0412757973733583,0.0,0.1175030599755202,0.056142823584684,2.9148095758350823
images/tematico/27c64c14a69e420322ddac92c356faa6.jpg,27c64c14a69e420322ddac92c356faa6.jpg,tematico,desconocido,0.2174705766113366,0.2934937344242252,0.6926200216297551,0.2257329857799498,0.2934937344242252,0.1304286379356211,0.4106364768129473,0.6925604964207905,0.1729486458476554,0.117142742388722,-5.9525208964572585e-05,0.1076784764185003,0.3017590369481125,0.7330398826197145,0.1752622069371261,0.0082653025238872,0.0404198609899594,0.1685799319727891,0.3017590369481125,-0.1097921001928362,0.0404198609899594,0.0742182177408366,0.344030218794835,0.7827153574844572,0.0933583229637937,0.090095335854702,0.0505364843706097,0.344030218794835,0.0586481764277397,0.1635756560711919,0.0647192028985507,0.0040307971014492,0.0488677536231884,0.0488677536231884,0.0,0.0335884353741496,0.0786210317460317,0.8605856659453064
images/tematico/3be1a26eec6fbbcffd95ad866fcb6ab0.jpg,3be1a26eec6fbbcffd95ad866fcb6ab0.jpg,tematico,desconocido,0.1160858871935947,0.4123720187210783,0.5436360875850733,0.2659276759624167,0.4123720187210783,0.0828475658419792,0.480515406162465,0.6692466853408029,0.1541922599406981,0.0681433874413866,0.1256105977557295,0.2779710512950736,0.2831054239877769,0.6276228673287496,0.1768944218945643,-0.1292665947333014,0.0839867797436763,0.2649350649350649,0.2831054239877769,0.1618851641014788,0.0839867797436763,0.0959201915403032,0.4104033613445378,0.715814005602241,0.1487232389328589,0.1721779180171676,-0.0019686573765405,0.4104033613445378,-0.0210306215561517,0.1316338086586173,0.0145730706075533,0.0001368363437328,0.0034209085933223,0.0034209085933223,0.0,0.0525974025974025,0.0716190476190476,0.5569400159675598
images/tematico/3ffd40b602ff10be9fe1b9d66c50de76.jpg,3ffd40b602ff10be9fe1b9d66c50de76.jpg,tematico,desconocido,0.214325321166607,0.2546150024838549,0.4679050875193594,0.3008722556054614,0.2546150024838549,0.4824643078833023,0.183509605862547,0.5126381461675579,0.2380847710571481,-0.0711053966213079,0.0447330586481984,0.2176473433456674,0.2667770138358373,0.5529836176895001,0.2803401924733801,0.0121620113519824,0.0850785301701406,0.3082251082251082,0.2667770138358373,0.0033220221790603,0.0850785301701406,0.3441277298120874,0.1869994058229352,0.5196241830065359,0.2656246237247143,0.0517190954871764,-0.0676155966609197,0.1869994058229352,-0.0421863273100817,0.2511705660150715,0.1,0.0089090909090909,0.0611818181818181,0.0611818181818181,0.0,0.2467532467532467,0.3242424242424242,3.792169870509087
images/tematico/48cc8b57ceecde594209758e7bc3282d.jpg,48cc8b57ceecde594209758e7bc3282d.jpg,tematico,desconocido,0.6558148538424862,0.3952911567755051,0.7003053398789744,0.1261742992905413,0.3952911567755051,0.5116400377655719,0.2201936983943904,0.787200893429267,0.0496415367323509,-0.1750974583811147,0.0868955535502926,0.7350543116234868,0.2469138688861872,0.782611677421366,0.0989673343761585,-0.1483772878893179,0.0823063375423915,0.1879968203497615,0.2469138688861872,0.0792394577810006,0.0823063375423915,0.6712442518907005,0.2798572762438308,0.7935334133653461,0.0742899442563713,0.0932280734863717,-0.1154338805316743,0.2798572762438308,-0.1463028756007023,0.5897126071951454,0.0358592132505176,0.0536645962732919,0.0237681159420289,0.0237681159420289,0.0,0.0011923688394276,0.0,4.100890937320044
images/tematico/7efbfcc756a93bd52b8a423299935efa.jpg,7efbfcc756a93bd52b8a423299935efa.jpg,tematico,desconocido,0.0903190844511244,0.5579065890315517,0.5556584054941773,0.2545586662511644,0.5579065890315517,0.0353444169171747,0.618808015053121,0.704674748808906,0.1305027997415673,0.0609014260215693,0.1490163433147286,0.0831352678787508,0.5210393140384288,0.7233416485609292,0.1432187298275938,-0.0368672749931228,0.1676832430667518,0.1399908800729594,0.5210393140384288,-0.0071838165723735,0.1676832430667518,0.0403538324380748,0.5877242637231315,0.7123158325078227,0.1681491510565439,0.1566574270136453,0.0298176746915798,0.5877242637231315,0.0179506085733421,0.2292124591063224,0.0523269833614661,0.0447552447552447,0.0343863033518205,0.0343863033518205,0.0,0.0102599179206566,0.0224538893344025,1.14591689646489
